"p_val","avg_log2FC","pct.1","pct.2","p_val_adj","cluster","gene"
4.60162742906337e-138,2.43878041195186,0.98,0.318,8.50932944182397e-134,"0","FGF13"
2.17239655435465e-137,2.57548414105487,0.961,0.216,4.01719570831261e-133,"0","DENND1A"
3.68651969514292e-135,2.65302195909599,0.963,0.209,6.81711222025829e-131,"0","DOCK4"
9.19576714251835e-128,3.94943267820759,0.859,0.059,1.70048125999449e-123,"0","RAD51B"
6.39602876459813e-126,2.55554435018831,0.949,0.209,1.18275363914949e-121,"0","PSD3"
1.65666696830108e-124,3.03994267684407,0.863,0.124,3.06350855778236e-120,"0","FHIT"
2.94153506296301e-122,1.97818283224648,0.985,0.303,5.43948663843119e-118,"0","ZFAND3"
1.19075584557103e-120,2.98661659356278,0.895,0.13,2.20194570962994e-116,"0","MAGI1"
4.14251765564615e-119,2.42998920424905,0.917,0.214,7.66034364882085e-115,"0","PRKCA"
5.25532238706097e-116,1.74080314895064,0.992,0.391,9.71814215815315e-112,"0","TCF12"
8.2635147526871e-116,1.58619226681398,0.999,0.554,1.5280891480669e-111,"0","SLC9A9"
1.95599537228533e-114,1.87746875948173,0.987,0.356,3.61702664243003e-110,"0","RABGAP1L"
2.53385362241821e-113,1.79880339365645,0.989,0.362,4.68560211857575e-109,"0","ZSWIM6"
6.0001683003782e-111,2.00663781648663,0.978,0.311,1.10955112210594e-106,"0","MAML2"
1.13096635418922e-109,1.76538321353527,0.975,0.358,2.0913829821667e-105,"0","ARHGAP26"
1.01366449662749e-108,2.3256845887259,0.915,0.207,1.87446838716355e-104,"0","SYT1"
3.70418399896775e-105,2.01185963431003,0.972,0.313,6.84977705089116e-101,"0","ATP8B4"
3.82965272794304e-99,1.52792215374084,0.986,0.421,7.08179382451227e-95,"0","WDFY3"
1.33233116063451e-97,1.50307938640863,0.997,0.479,2.46374678224533e-93,"0","FCHSD2"
5.20910744213074e-97,2.12496235075352,0.922,0.222,9.63268148198816e-93,"0","DISP1"
2.81556734437677e-92,1.30311687329496,0.984,0.507,5.20654713322151e-88,"0","SPRED1"
4.85423100241809e-92,2.72520277475848,0.737,0.109,8.97644396967153e-88,"0","RNF150"
1.95282537863204e-87,1.87404393164541,0.884,0.255,3.61116469016636e-83,"0","SLC8A1"
1.19857566107326e-85,3.82907239264065,0.577,0.037,2.21640611245667e-81,"0","NPAS3"
1.87738546507962e-85,3.40780851050072,0.615,0.052,3.47166120202523e-81,"0","SIPA1L1"
2.59472713561767e-85,1.60660247850476,0.964,0.351,4.79816941918419e-81,"0","CD163L1"
3.00193084575044e-85,2.58159154329153,0.742,0.116,5.55117051996172e-81,"0","NCKAP5"
6.85598796713351e-85,1.78941743823814,0.919,0.263,1.26780929488233e-80,"0","PDE4B"
5.69322423212734e-83,2.1971118330236,0.802,0.211,1.05279102500499e-78,"0","NAV2"
8.54250980304445e-79,4.12170655471957,0.563,0.028,1.57968091277898e-74,"0","TEX14"
8.12938704544528e-73,0.879731975973802,1,0.808,1.50328625244374e-68,"0","RBPJ"
1.04048057819405e-70,2.23272419964648,0.697,0.15,1.92405668519644e-66,"0","SLC16A10"
3.7100257152488e-69,0.923202737047624,0.997,0.598,6.86057955263808e-65,"0","ITPR2"
5.00153055237813e-68,4.36003789592342,0.535,0.026,9.24883029745764e-64,"0","FBXL7"
8.16519308931079e-68,2.02544855211109,0.705,0.163,1.50990750607535e-63,"0","DPYD"
1.15680620170365e-64,3.07919241267072,0.549,0.068,2.13916602819038e-60,"0","UNC5C"
3.7418955728769e-64,2.27082851104692,0.672,0.134,6.91951329336396e-60,"0","ATRNL1"
2.66891045892938e-63,2.76585538605928,0.618,0.129,4.93534922065222e-59,"0","DHFR"
2.06655290368675e-62,3.7412502484618,0.484,0.032,3.82146962949753e-58,"0","SOX5"
3.09606703483583e-58,2.23875846238008,0.592,0.116,5.72524716081842e-54,"0","TMEM163"
1.76851343355116e-51,1.70733439693764,0.723,0.267,3.27033504132281e-47,"0","HDAC9"
2.32170196363301e-47,3.28258713286679,0.443,0.044,4.29329127115016e-43,"0","AUTS2"
1.53976229385109e-46,0.888340272766525,0.742,0.245,2.84732843378944e-42,"0","CGA"
8.91918400572539e-42,0.671929498383126,0.936,0.484,1.64933550633874e-37,"0","CR1"
2.55271442922838e-39,3.06363560588234,0.397,0.05,4.72047952252912e-35,"0","PDE4D"
1.23197497394958e-37,1.37705455680861,0.589,0.207,2.27816812182756e-33,"0","CCL13"
1.32331782700851e-31,1.40997574309241,0.621,0.24,2.44707932570414e-27,"0","NAV3"
1.77798735643846e-25,0.539506782748765,0.853,0.532,3.287854219526e-21,"0","NAMPT"
2.40275978295386e-24,1.42100965982321,0.369,0.077,4.44318339063828e-20,"0","TFPI2"
6.37683982490996e-20,2.08375806447559,0.312,0.072,1.17920522042235e-15,"0","AFF3"
8.78824722248072e-19,0.67677429076952,0.697,0.413,1.62512267638114e-14,"0","TIMP1"
2.60562927574999e-18,1.01415556652485,0.475,0.183,4.81832965671688e-14,"0","PALLD"
3.84645318885972e-17,0.759790433099451,0.416,0.133,7.1128612368394e-13,"0","RETN"
5.31509923058766e-17,0.587990139471217,0.505,0.197,9.8286814972027e-13,"0","CSH1"
1.89202977626866e-90,2.02989606804067,0.93,0.291,3.49874146227601e-86,"1","NR4A1"
8.88227395709753e-87,1.82511110519756,0.933,0.36,1.64251010014647e-82,"1","RASGEF1B"
2.11640025449722e-86,2.44144751839841,0.85,0.219,3.91364735061627e-82,"1","KDM6B"
2.24079787323463e-83,1.60672379348631,0.948,0.419,4.14368342718548e-79,"1","CD83"
1.21955682881097e-80,2.1456601386627,0.852,0.257,2.25520448783725e-76,"1","BAG3"
7.60848008233739e-78,1.43251527600232,0.984,0.531,1.40696013682583e-73,"1","HSPH1"
3.97553796114593e-77,1.38763567010213,0.995,0.553,7.35156479775105e-73,"1","HSPA1B"
1.57490732327415e-76,1.29260304834793,0.987,0.572,2.91231862219856e-72,"1","DNAJB1"
1.89024488479856e-75,1.27791711106778,0.98,0.527,3.49544084096949e-71,"1","PPP1R15A"
3.72868183916961e-74,1.52071318564706,0.93,0.413,6.89507845699244e-70,"1","NFKBIZ"
2.85619858639319e-72,1.67207031268355,0.86,0.33,5.28168242595828e-68,"1","ATF3"
5.00064412495232e-72,2.71814119669338,0.699,0.122,9.24719111586184e-68,"1","NR4A3"
3.26582019706069e-71,1.69900745019452,0.905,0.373,6.03915470840464e-67,"1","NR4A2"
9.96624662452698e-65,1.14031974125125,0.972,0.577,1.84295832580753e-60,"1","FOSB"
3.13173693294604e-62,1.93393593125948,0.814,0.333,5.79120793640381e-58,"1","PLAUR"
2.19562069664567e-61,1.09306913316268,1,0.702,4.06014179223718e-57,"1","HSPA1A"
6.65517594790216e-61,1.20758096920244,0.925,0.51,1.23067513628607e-56,"1","ICAM1"
7.49637929594564e-61,1.13519633880611,0.973,0.616,1.38623045940627e-56,"1","HSPD1"
3.58549958679689e-60,1.08887779002562,0.974,0.593,6.63030583590481e-56,"1","BTG2"
3.81403440444156e-59,1.89085658152071,0.816,0.304,7.05291242069334e-55,"1","CCL4L2"
4.1756672757658e-59,1.35113670680502,0.951,0.516,7.72164392634612e-55,"1","CCL4"
1.36453257547311e-56,1.43485374919822,0.806,0.362,2.52329363856487e-52,"1","HBEGF"
2.67847497645716e-56,1.72786663480483,0.76,0.232,4.95303592646457e-52,"1","DNAJA4"
3.3552253664569e-55,0.987383210306862,0.985,0.657,6.2044827476521e-51,"1","MCL1"
1.04405585605275e-54,1.05194016259852,0.982,0.628,1.93066808901275e-50,"1","SOD2"
1.35608974218804e-52,1.04871394406089,0.943,0.519,2.50768115125412e-48,"1","NAMPT"
3.41327937998545e-52,0.96197645430873,0.988,0.672,6.31183622946909e-48,"1","PNRC1"
1.67357053090254e-51,0.894734970926752,0.991,0.712,3.09476662574497e-47,"1","ZFP36"
2.88357811364115e-51,1.18726895733771,0.877,0.428,5.33231264774522e-47,"1","KLF4"
9.09603393416253e-51,1.52058266935485,0.813,0.359,1.68203859510533e-46,"1","SGK1"
3.55623989929717e-50,3.06131220112869,0.523,0.104,6.57619882178033e-46,"1","IL1B"
2.50993831870486e-49,2.31759151473137,0.541,0.103,4.64137793894903e-45,"1","EGR3"
6.19509278047344e-48,0.899800799458406,0.942,0.617,1.14559655696515e-43,"1","KLF2"
1.27864972071175e-47,0.810777406952326,0.978,0.662,2.36447906354018e-43,"1","JUND"
6.06949729786139e-47,0.761086593578648,0.989,0.755,1.12237144032053e-42,"1","KLF6"
1.01437764810673e-46,0.788436291724244,0.994,0.756,1.87578714687896e-42,"1","JUN"
1.1156834308196e-46,1.13951826252399,0.943,0.591,2.0631218002716e-42,"1","CCL3"
9.97657867758979e-46,1.81612387002162,0.713,0.231,1.8448689290599e-41,"1","TNFAIP3"
2.11946300288298e-45,1.03673882929542,0.94,0.552,3.9193109849312e-41,"1","IER3"
2.25872464805447e-44,1.78555618002491,0.627,0.174,4.17683361918233e-40,"1","EGR2"
3.02173554726559e-44,1.23697059907074,0.838,0.444,5.58779337400352e-40,"1","EIF4A3"
5.56023056948327e-43,0.711357933414276,0.985,0.73,1.02819783690885e-38,"1","IER2"
1.30132730338563e-42,1.21386251724919,0.829,0.429,2.4064144494207e-38,"1","CXCL8"
8.94970075107681e-40,1.39962354208118,0.76,0.315,1.65497866288912e-35,"1","CDKN1A"
1.32935546332147e-39,0.762228248831636,0.982,0.713,2.45824412277406e-35,"1","NFKBIA"
2.42946498653324e-39,0.69551431088248,0.991,0.725,4.49256665309726e-35,"1","NEAT1"
3.60401080752861e-39,0.777644455978013,0.973,0.67,6.6645367852819e-35,"1","GADD45B"
8.91372550442985e-39,0.890855989577891,0.944,0.586,1.64832612027917e-34,"1","EGR1"
1.36946912735967e-38,1.31611271249269,0.739,0.269,2.5324223103135e-34,"1","DNAJB4"
5.96244551015184e-37,1.55639545243754,0.651,0.226,1.10257542373728e-32,"1","ZFAND2A"
8.48191685712306e-36,0.566646111247051,0.99,0.804,1.5684760652192e-31,"1","HSPA8"
5.42472753845079e-35,0.733793657734328,0.924,0.611,1.00314061641032e-30,"1","RHOB"
1.07326078552682e-34,0.594377730895016,0.988,0.785,1.9846738445962e-30,"1","JUNB"
4.96095429968021e-34,1.4860856386981,0.585,0.188,9.17379669096864e-30,"1","DUSP2"
1.87999737477517e-33,0.56561812529253,0.971,0.76,3.47649114543424e-29,"1","DUSP1"
1.07282262079914e-32,1.16024711472982,0.734,0.353,1.98386359038176e-28,"1","IER5"
4.47121550718336e-32,1.63853157147371,0.571,0.165,8.26817171588348e-28,"1","TNFSF9"
2.6245162793766e-31,0.686466388115094,0.95,0.711,4.85325550382321e-27,"1","HSPA5"
1.56782500030347e-30,1.19745584522621,0.635,0.278,2.89922199056118e-26,"1","PMAIP1"
2.41246633521275e-30,1.13319316103635,0.707,0.359,4.46113274707543e-26,"1","OTUD1"
6.79521335008753e-30,0.883011418113886,0.758,0.464,1.25657085269819e-25,"1","LMNA"
6.38203691664965e-26,0.555082261157884,0.939,0.683,1.18016626662685e-21,"1","CEBPD"
4.98445578644444e-24,1.55457298640346,0.362,0.114,9.21725564029306e-20,"1","TSPYL2"
1.12818547274343e-23,1.56741054864124,0.551,0.243,2.08624057619715e-19,"1","ZNF331"
9.54490695812516e-23,1.04426454723254,0.635,0.311,1.7650441946965e-18,"1","PDE4B"
2.00394860130508e-21,0.844536954982636,0.792,0.485,3.70570175353335e-17,"1","PDK4"
4.87332383822916e-21,1.88871890614847,0.301,0.079,9.01175044165337e-17,"1","SEMA4A"
6.44691393666039e-21,0.645966743954397,0.844,0.597,1.19216332516724e-16,"1","CITED2"
8.95384130558168e-21,0.992961254059306,0.686,0.35,1.65574433422816e-16,"1","RGCC"
5.35270186609304e-19,1.21038299509884,0.451,0.178,9.89821629077925e-15,"1","CXCL2"
1.62603457547061e-18,0.71977289617088,0.736,0.474,3.00686313696026e-14,"1","PLIN2"
3.07196090451615e-18,0.607150516859476,0.828,0.469,5.68067010463127e-14,"1","TMEM176A"
6.48274538145036e-18,1.2425975760195,0.415,0.158,1.1987892759378e-13,"1","TNF"
8.79081089479303e-18,1.04541570354655,0.439,0.154,1.62559675066513e-13,"1","IL2RA"
1.16332789868293e-16,0.745464853680505,0.73,0.451,2.15122595024448e-12,"1","RGS2"
1.29181657217018e-16,0.601759163166645,0.784,0.477,2.3888272052571e-12,"1","CD93"
9.23604626732246e-14,1.91888159780838,0.312,0.102,1.70792967575327e-09,"1","VEGFA"
1.14170327447849e-11,0.809004693373601,0.368,0.205,2.11123769516562e-07,"1","SLC16A10"
3.64427420514502e-11,1.23347352014425,0.35,0.13,6.73899186015418e-07,"1","RGS16"
0.00377904550498347,1.04592747913941,0.31,0.168,1,"1","HSPA6"
3.21174056567185e-104,2.67088357355859,0.879,0.259,5.93915065404038e-100,"2","HLA-DRA"
1.80975224078277e-99,2.93429041659674,0.802,0.193,3.3465938436555e-95,"2","HLA-DRB1"
9.32155082107237e-99,3.54453651034961,0.743,0.115,1.7237411778327e-94,"2","HLA-DPA1"
1.20305569825024e-92,4.18830261862794,0.671,0.061,2.22469059720435e-88,"2","HLA-DRB5"
1.34602019386932e-83,1.58826316419088,0.965,0.644,2.48906054250315e-79,"2","CD74"
1.33051127318479e-76,3.45101403946587,0.67,0.109,2.46038144637331e-72,"2","HLA-DPB1"
2.66035762474018e-74,2.56987150678086,0.697,0.184,4.91953331966953e-70,"2","HLA-DMA"
7.40700953692041e-71,4.56168330652766,0.515,0.029,1.36970420356732e-66,"2","HLA-DQA1"
8.63314409264789e-67,4.47216903055459,0.519,0.032,1.59644100561245e-62,"2","HLA-DQB1"
1.87699076272447e-58,0.811914859031273,0.987,0.807,3.47093131843008e-54,"2","HLA-B"
6.82554701699802e-58,1.96720831181917,0.708,0.247,1.26218015438327e-53,"2","IFI44L"
2.30301694132499e-55,0.875397830874076,0.966,0.755,4.25873892789817e-51,"2","HLA-C"
2.10089102818654e-54,1.62529411324778,0.821,0.404,3.88496768932254e-50,"2","SERPING1"
5.26443595442222e-53,3.56743512864684,0.528,0.066,9.73499496691757e-49,"2","FGL2"
6.11557849981734e-52,0.848150513551185,0.967,0.76,1.13089277618622e-47,"2","HLA-A"
2.34346460489775e-49,0.667343315435179,0.998,0.923,4.33353474737692e-45,"2","C1QB"
1.73487537578776e-46,1.89637078766162,0.685,0.289,3.20813154490672e-42,"2","IFI27"
2.73819207728942e-42,0.662074168827298,0.997,0.915,5.0634647893236e-38,"2","C1QC"
3.14130608477897e-41,1.03812791175982,0.876,0.582,5.80890321197327e-37,"2","CFD"
9.18124091626241e-41,0.694468886364588,0.913,0.702,1.69779507023525e-36,"2","TXNIP"
2.5368240919644e-40,0.96964958939615,0.805,0.516,4.69109511086056e-36,"2","SLC40A1"
9.1296442120764e-39,1.81319837990318,0.625,0.21,1.68825380769717e-34,"2","MSR1"
1.20604248503719e-37,1.50068670274683,0.676,0.314,2.23021376333078e-33,"2","AHNAK"
3.20495280631492e-37,2.81452244757275,0.366,0.067,5.92659872943756e-33,"2","DST"
4.1299777135299e-37,1.72999144866258,0.701,0.324,7.63715478785948e-33,"2","LY6E"
7.97510265753049e-37,1.11353725533319,0.791,0.453,1.47475598343054e-32,"2","FCGR3A"
1.32026285225411e-36,1.61289777154055,0.706,0.322,2.4414300663883e-32,"2","MX1"
9.99243226690132e-36,0.518692250231024,0.998,0.949,1.84780057479539e-31,"2","C1QA"
1.14586199631474e-34,0.89438316629432,0.816,0.573,2.11892800358522e-30,"2","IFI6"
2.87963211504387e-34,0.60284028476169,0.909,0.741,5.32501570713912e-30,"2","MAFB"
3.91600358188368e-34,1.69885949496099,0.561,0.177,7.24147382361931e-30,"2","XIST"
1.16553446629134e-31,1.64048402739917,0.656,0.362,2.15530633506595e-27,"2","APOE"
3.61203457301165e-31,0.74205959581632,0.892,0.608,6.67937433241315e-27,"2","TMEM176B"
3.82303962329079e-31,1.01767516823709,0.697,0.378,7.06956487138933e-27,"2","EMB"
8.95713582032947e-28,1.02133013926914,0.75,0.492,1.65635355589533e-23,"2","VIM"
1.46619176569049e-26,1.82879932427021,0.486,0.178,2.71128181311485e-22,"2","IFIT3"
2.15305148318396e-26,0.535401469370424,0.911,0.742,3.98142280270378e-22,"2","NEAT1"
1.61667694974414e-25,0.810124421975627,0.779,0.485,2.98955901546686e-21,"2","TMEM176A"
1.95214356562656e-24,0.630838747106099,0.888,0.638,3.60990388155663e-20,"2","MS4A7"
7.60395113410985e-24,1.01935263366845,0.383,0.138,1.40612264371959e-19,"2","IGFBP1"
6.21700323983449e-23,0.97584766709098,0.618,0.325,1.14964823911019e-18,"2","CD209"
1.3667304232169e-20,1.64319730984713,0.422,0.163,2.5273578986127e-16,"2","IFIT2"
4.54109716996189e-20,0.956478704549746,0.609,0.354,8.39739688669353e-16,"2","LGALS3"
3.00886631736759e-19,1.34004465165703,0.46,0.213,5.56399559407615e-15,"2","IFIT1"
8.11138165397951e-18,1.64433930630262,0.443,0.212,1.49995669545389e-13,"2","APOC1"
4.11817281756967e-17,1.03853036485949,0.719,0.437,7.61532517424983e-13,"2","ISG15"
2.68431067454126e-16,1.03841248241511,0.6,0.389,4.96382729936171e-12,"2","GPNMB"
5.08520134672741e-16,1.44265649899482,0.422,0.164,9.40355433036832e-12,"2","IL2RA"
5.04492902929518e-15,1.20460311851911,0.495,0.243,9.32908276097265e-11,"2","S100A10"
8.85538938867609e-15,0.509362878810258,0.607,0.433,1.63753860575398e-10,"2","TIMP1"
2.82109891910884e-14,0.523583950578125,0.895,0.725,5.21677612121607e-10,"2","SRGN"
5.48170490983201e-12,0.716007012772543,0.48,0.257,1.01367687192613e-07,"2","TNFSF10"
1.54265093112843e-10,0.541581038836239,0.664,0.506,2.8526701018427e-06,"2","S100A6"
6.53290993793427e-10,0.825135633847308,0.407,0.242,1.20806570572281e-05,"2","CCL13"
2.14189111278066e-09,0.787702144628726,0.404,0.219,3.960785045754e-05,"2","DPYD"
2.70713419869117e-07,1.08818958973453,0.393,0.233,0.00500603256021971,"2","CAPG"
5.24136978375392e-05,0.757309090389924,0.408,0.269,0.969234100411774,"2","NUPR1"
4.05663155636794e-27,0.585342612487345,0.909,0.777,7.5015230740356e-23,"3","KLF6"
6.4833810730445e-26,0.693179558643379,0.962,0.724,1.19890682802739e-21,"3","HSPA1A"
4.3880713807921e-24,0.527440721301702,0.92,0.788,8.11442159736075e-20,"3","STAB1"
7.6156672727401e-24,0.661067514334376,0.848,0.645,1.4082891920751e-19,"3","KLF2"
7.89146824082759e-21,0.80423487743827,0.851,0.593,1.45929030709384e-16,"3","HSPA1B"
1.01441296890279e-20,0.895028425074913,0.678,0.514,1.87585246209504e-16,"3","PDK4"
1.14809964581465e-16,0.706809970345571,0.685,0.505,2.12306586504046e-12,"3","CD93"
1.7232035479198e-15,0.547970483987426,0.637,0.457,3.1865480008133e-11,"3","RNASEK"
5.36204403299081e-14,0.669314589251453,0.66,0.446,9.91549182580661e-10,"3","GNG10"
3.24553628012486e-13,0.612640386288909,0.788,0.615,6.00164568920689e-09,"3","DNAJB1"
9.08119594369314e-13,0.552226694149688,0.762,0.628,1.67929475390774e-08,"3","CCL3"
1.72223903331979e-11,0.568453663189982,0.746,0.593,3.18476442041495e-07,"3","IER3"
1.04512055610458e-10,0.515796123770249,0.77,0.644,1.93263693234859e-06,"3","RHOB"
1.89198222819192e-10,0.665535911913807,0.741,0.561,3.4986535363725e-06,"3","CCL4"
2.73661240115064e-10,0.846456252188773,0.546,0.359,5.06054365220777e-06,"3","CCL4L2"
6.67947536829645e-10,0.583311498859375,0.601,0.48,1.23516858510538e-05,"3","KLF4"
3.3670196545861e-09,0.593648670154968,0.557,0.402,6.22629274526062e-05,"3","EMB"
5.0848535633452e-08,0.613577259823013,0.58,0.476,0.000940291120933795,"3","NFKBIZ"
2.39236093069184e-06,0.519941087269162,0.533,0.488,0.0442395383303535,"3","CD83"
2.26668005819625e-05,0.622357639741079,0.453,0.419,0.419154476361651,"3","SGK1"
3.10929338263529e-05,0.567999184298863,0.371,0.267,0.574970532316917,"3","C4BPB"
0.000255640235732707,0.645605638652491,0.479,0.348,1,"3","CD209"
4.97461199865547e-43,0.848008991516209,0.876,0.735,9.1990525079137e-39,"4","PFDN5"
1.52334527573602e-21,1.21628377197876,0.549,0.396,2.81697008389104e-17,"4","EEF1G"
8.78428431976193e-19,0.85460904967237,0.656,0.621,1.62438985641038e-14,"4","GABARAP"
5.00098234743957e-14,1.16936865114022,0.548,0.457,9.24781655688525e-10,"4","GNG10"
5.75781172776513e-11,1.03980835951941,0.556,0.465,1.06473454469833e-06,"4","RNASEK"
7.21766761151651e-11,0.729052616257753,0.569,0.535,1.33469109472163e-06,"4","ATP6V0C"
1.74869331395577e-09,1.10134763625439,0.511,0.424,3.23368367616701e-05,"4","NME2"
1.66092732360392e-07,0.645129311274443,0.656,0.612,0.00307138680680837,"4","CFD"
0.00486097202537975,0.561315183668896,0.521,0.551,1,"4","SLC40A1"
7.0687235353007e-119,2.16922694357893,0.959,0.495,1.30714835614781e-114,"5","FN1"
3.09654840457787e-117,2.70617872276347,0.92,0.323,5.7261373097454e-113,"5","PRG2"
3.43931043245067e-79,2.80821592905549,0.751,0.254,6.35997285168777e-75,"5","SERPINE2"
4.37560392451835e-79,2.17924479675839,0.825,0.388,8.09136677721933e-75,"5","TIMP3"
1.60058640798013e-56,3.12927403527275,0.554,0.128,2.95980438563685e-52,"5","AOC1"
3.40676323768279e-49,2.62291651321312,0.557,0.205,6.29978657912301e-45,"5","FLT1"
1.07590755981054e-46,2.98785484414772,0.491,0.128,1.98956825960166e-42,"5","NOTUM"
1.67550835134276e-46,1.79153573304029,0.682,0.39,3.09835004330303e-42,"5","EEF1G"
5.7697336494179e-46,0.571052372110548,0.997,0.982,1.06693914645036e-41,"5","TMSB4X"
2.34311180631301e-42,0.626324331815352,0.983,0.953,4.33288235223402e-38,"5","C1QA"
7.27704306248783e-40,0.621751322991494,0.984,0.941,1.34567080311525e-35,"5","RNASE1"
1.21115636595675e-37,0.592217324358644,0.964,0.935,2.23967035192722e-33,"5","SPP1"
1.14052677925358e-32,0.939573610598015,0.794,0.741,2.10906212019572e-28,"5","PFDN5"
3.18829903609729e-32,0.531904266293117,0.942,0.947,5.89580257755111e-28,"5","PLTP"
5.25858235099383e-30,1.39091361596659,0.616,0.463,9.72417048345778e-26,"5","RNASEK"
2.3233572220606e-29,3.00264729445609,0.372,0.095,4.29635217503446e-25,"5","PAPPA"
1.52672409674835e-28,2.20241035983327,0.508,0.225,2.82321819970706e-24,"5","CSH1"
1.84196365165123e-28,2.706311698589,0.442,0.153,3.40615918463346e-24,"5","SERPINE1"
8.81456274352608e-28,3.12772209730254,0.369,0.085,1.62998894253284e-23,"5","PAPPA2"
9.68295512819879e-27,1.56108307372523,0.614,0.455,1.79057206230652e-22,"5","GNG10"
3.94567800350159e-26,1.16484724899805,0.7,0.619,7.29634776407515e-22,"5","GABARAP"
5.96612090401317e-26,1.1710539938941,0.653,0.531,1.10325507757012e-21,"5","ATP6V0C"
3.00527349745487e-24,0.525130317070066,0.918,0.932,5.55735175149355e-20,"5","C1QB"
4.28825282404595e-21,0.632118331452002,0.824,0.827,7.92983712222578e-17,"5","HLA-B"
5.2832139692619e-20,1.59940343831089,0.581,0.422,9.7697192719591e-16,"5","NME2"
3.08413347499094e-19,1.729941936781,0.488,0.344,5.70317962195324e-15,"5","CDKN1C"
3.78089328532527e-13,0.670692951993551,0.731,0.786,6.9916278632235e-09,"5","HLA-A"
3.96137467271313e-13,1.76656068702711,0.395,0.257,7.32537404478113e-09,"5","KRT8"
8.26750538004829e-12,0.788766548909472,0.657,0.64,1.52882709487853e-07,"5","TMEM176B"
9.97042009488802e-12,1.88002189413607,0.347,0.201,1.84373008394669e-07,"5","KRT19"
1.30213998864115e-11,0.842912065699885,0.596,0.616,2.40791726699521e-07,"5","CFD"
3.1301739564087e-11,1.60919434269924,0.401,0.287,5.78831768019096e-07,"5","KRT18"
8.80657472458143e-10,1.83503237245548,0.334,0.202,1.6285117980696e-05,"5","KRT7"
3.55626461867543e-05,1.68478717922407,0.338,0.279,0.65762445328546,"5","TNFSF10"
0.000178716430511966,0.518349306968077,0.595,0.734,1,"5","TXNIP"
0.000219186365988532,0.503367721752873,0.67,0.785,1,"5","HLA-C"
1.17412089016061e-125,4.82190537878728,0.755,0.03,2.171184350085e-121,"6","TYMS"
8.06029012761977e-119,3.91307166078145,0.842,0.072,1.49050885039945e-114,"6","TOP2A"
1.83647783758668e-106,5.75582316654909,0.715,0.017,3.3960148172653e-102,"6","MKI67"
7.06309988302508e-106,5.27543008945855,0.713,0.02,1.306108430369e-101,"6","CENPM"
1.03468357232991e-105,4.55917268325517,0.723,0.032,1.91333686195247e-101,"6","TK1"
3.02442438763766e-105,2.75103906812302,0.843,0.141,5.59276557761955e-101,"6","CKS1B"
1.61703549482784e-101,4.80981871298645,0.679,0.028,2.99022203703564e-97,"6","UBE2C"
3.65657996273271e-96,4.79234960888604,0.68,0.03,6.76174766708533e-92,"6","CDK1"
5.24281091580257e-96,5.25952396156516,0.682,0.02,9.69500594550211e-92,"6","BIRC5"
1.90502808732107e-90,4.01367112166418,0.688,0.053,3.52277793907412e-86,"6","PTTG1"
2.88367564433954e-87,1.34536498427022,0.986,0.466,5.33249300151269e-83,"6","STMN1"
3.71820113454609e-82,4.55733920684479,0.622,0.03,6.87569753800262e-78,"6","CENPF"
1.72981750786057e-80,5.350126808961,0.567,0.016,3.19877853553577e-76,"6","TPX2"
3.28696964982322e-80,4.78380621030873,0.627,0.03,6.0782642764531e-76,"6","NUSAP1"
1.74093998791384e-79,5.33493500928746,0.574,0.016,3.21934622565027e-75,"6","RRM2"
2.98836301975352e-79,5.45586161445097,0.597,0.016,5.52608089612821e-75,"6","CDKN3"
2.66769339121416e-75,5.43267789467825,0.527,0.013,4.93309861903323e-71,"6","HMMR"
1.213422206321e-70,3.66827595904212,0.585,0.048,2.24386034392879e-66,"6","CCNB1"
2.67070479168863e-63,5.31781273117035,0.492,0.013,4.93866730079061e-59,"6","CDC20"
1.85667665041572e-62,1.87074119003641,0.677,0.138,3.43336646194874e-58,"6","HMGB3"
2.31194527611923e-59,5.16995099698511,0.471,0.015,4.27524920459969e-55,"6","ASPM"
1.19827669834726e-53,2.74520636468036,0.509,0.058,2.21585327058375e-49,"6","GGH"
3.0596200735705e-53,2.1869567471657,0.646,0.124,5.65784944004657e-49,"6","AGR2"
3.18085744040973e-46,0.9371735269626,0.844,0.403,5.88204157880567e-42,"6","LDHB"
4.7271778879035e-45,1.43546792824499,0.622,0.175,8.74149735031114e-41,"6","DHFR"
3.15091847364882e-42,1.56055693280312,0.605,0.16,5.8266784414714e-38,"6","FKBP2"
5.43652764583253e-36,1.95871282165859,0.483,0.092,1.00532269226735e-31,"6","PTP4A1"
1.7364135517755e-29,1.3025722379703,0.488,0.156,3.21097593994326e-25,"6","RETN"
5.91253701507424e-25,0.642868521799449,0.905,0.5,1.09334634482753e-20,"6","FABP5"
2.85676394353208e-24,0.750049876957353,0.667,0.296,5.28272788437952e-20,"6","CGA"
2.76469342806687e-23,0.894338231040038,0.505,0.196,5.11247108718125e-19,"6","GCSH"
4.37847152043571e-23,1.06032766148203,0.484,0.185,8.09666953558971e-19,"6","CD5L"
3.50724779543852e-22,0.960772505405139,0.629,0.252,6.48560262332491e-18,"6","TREM2"
6.78809389733179e-18,0.765367556751195,0.532,0.237,1.25525432349459e-13,"6","CAPG"
4.66255661753842e-17,0.911875360261492,0.517,0.205,8.62199969715205e-13,"6","MARCO"
5.75448767300439e-15,0.844428552920425,0.372,0.162,1.06411986049197e-10,"6","CHCHD6"
1.81732500999348e-14,0.794170924808318,0.464,0.189,3.36059740847995e-10,"6","TIMD4"
3.3135808033247e-10,0.681702358184855,0.31,0.152,6.12747362150804e-06,"6","MT1X"
2.42246201306231e-09,0.519829209688669,0.399,0.178,4.47961675455483e-05,"6","S100A1"
3.37281460724348e-09,0.590396647123941,0.323,0.158,6.23700877171464e-05,"6","BIRC7"
5.43203445573265e-08,0.611881919254452,0.343,0.175,0.00100449181155408,"6","OTOA"
9.56904606434075e-80,1.05671021362311,0.98,0.983,1.76950799821789e-75,"7","TMSB4X"
3.62019464876488e-70,0.910140706870741,0.982,0.985,6.69446394449602e-66,"7","FTH1"
2.90340261460211e-66,0.953387537982737,0.996,0.996,5.36897211492221e-62,"7","FTL"
5.44458448668471e-64,0.94868145590211,0.915,0.957,1.00681256327774e-59,"7","C1QA"
4.85310895910072e-58,0.930665680902723,0.905,0.945,8.97436908716905e-54,"7","RNASE1"
7.58843617724159e-55,0.853721622036588,0.924,0.964,1.40325361789551e-50,"7","F13A1"
3.93504817417474e-46,0.821577599237379,0.889,0.939,7.27669108368393e-42,"7","SPP1"
1.82394550409335e-40,0.892738114829389,0.853,0.935,3.37284002616942e-36,"7","C1QB"
1.31521879106834e-34,0.732117815418991,0.83,0.952,2.43210258844358e-30,"7","PLTP"
3.77651906071524e-33,1.18361340257759,0.692,0.747,6.98353904707463e-29,"7","PFDN5"
3.62252678285198e-28,0.770325918673539,0.825,0.929,6.69877652684987e-24,"7","C1QC"
6.27582252978103e-11,0.699025771776625,0.594,0.799,1.16052510220711e-06,"7","CD36"
1.30631835636086e-08,0.649935589475688,0.202,0.437,0.00024156439045825,"7","LDHB"
3.28335234970798e-08,0.601645474059756,0.235,0.506,0.000607157516507999,"7","STMN1"
8.83022970455384e-05,0.606670725420255,0.282,0.536,1,"7","S100A6"
0.000262447032113906,1.24783349081753,0.461,0.523,1,"7","FN1"
0.00277842113968919,0.727450660726046,0.156,0.323,1,"7","CGA"
5.48101630352107e-124,2.25698658086604,0.946,0.24,1.01354953484712e-119,"8","TREM2"
1.09132853098377e-109,2.57189378582004,0.857,0.169,2.01808471949519e-105,"8","CD5L"
3.69584125433425e-93,1.34105257894649,0.931,0.402,6.8343496475149e-89,"8","LDHB"
5.66892289779302e-84,2.50116244964148,0.713,0.14,1.04829722225989e-79,"8","BIRC7"
2.73031819254585e-77,2.45103364643606,0.686,0.149,5.04890440165579e-73,"8","CHCHD6"
1.13151282069101e-67,1.00658394849788,0.984,0.499,2.09239350802181e-63,"8","FABP5"
1.32618209417553e-66,1.99983315245238,0.732,0.164,2.45237592854939e-62,"8","S100A1"
3.98470772081292e-54,1.0942487714259,0.766,0.294,7.36852151732725e-50,"8","CGA"
6.46515924101014e-53,0.813329576210016,0.972,0.487,1.1955372468476e-48,"8","LGALS1"
5.42495851353151e-52,2.04704106161809,0.646,0.161,1.00318332832225e-47,"8","FKBP2"
6.92573214158422e-50,0.86181573797271,0.898,0.474,1.28070638762175e-45,"8","STMN1"
4.34632456836489e-45,1.87832327028318,0.566,0.166,8.03722339182036e-41,"8","OTOA"
5.39253113269942e-44,0.810507280475668,0.722,0.299,9.97186857058777e-40,"8","PAGE4"
8.72162854370112e-43,2.52171319586535,0.51,0.094,1.61280355030121e-38,"8","PTP4A1"
1.26870397748005e-41,0.633628059977858,0.963,0.564,2.3460873951561e-37,"8","S100A4"
2.00145236859242e-41,0.503091956917019,0.906,0.506,3.7010857200011e-37,"8","S100A6"
3.8537687166932e-31,0.806423241788052,0.889,0.47,7.12638911090906e-27,"8","RGS2"
5.74166174249198e-31,1.55345283115369,0.458,0.137,1.06174808942162e-26,"8","AGR2"
8.6865751234687e-29,1.21617714104644,0.525,0.207,1.60632147183183e-24,"8","MARCO"
1.00819066740533e-23,1.07148340766083,0.494,0.24,1.86434618216593e-19,"8","CAPG"
2.62355098917682e-16,0.862831350505983,0.426,0.202,4.85147048918578e-12,"8","GCSH"
1.49352998275213e-13,0.545934308631946,0.349,0.154,2.76183564410525e-09,"8","XAGE3"
1.69232621847807e-12,0.786311145628858,0.344,0.196,3.12944964320964e-08,"8","TIMD4"
2.69915089670039e-10,1.00749926897738,0.348,0.146,4.99126983817836e-06,"8","DKK2"
1.99688766575583e-09,0.785517251216641,0.32,0.17,3.69264467151567e-05,"8","CKS1B"
6.09211710451742e-09,0.549266334457824,0.555,0.316,0.000112655429496736,"8","PMAIP1"
1.00895787828922e-07,1.09808290911026,0.344,0.146,0.00186576490853242,"8","RGS1"
4.99698518568497e-07,0.612053732868123,0.38,0.213,0.00924042500536865,"8","XIST"
8.1483542562574e-91,2.0346508420087,0.913,0.294,1.50679366906712e-86,"9","PAGE4"
5.71623869122358e-72,1.75048277338377,0.818,0.295,1.05704685878106e-67,"9","CGA"
7.1461350722521e-59,1.41023860894577,0.821,0.41,1.32146329756086e-54,"9","LDHB"
3.17353599732782e-51,1.81540226757999,0.732,0.249,5.8685027662586e-47,"9","PHLDA2"
1.78499286421521e-49,2.01375007341904,0.528,0.136,3.30080880450676e-45,"9","AGR2"
2.19087945253113e-43,2.20075822691741,0.546,0.148,4.05137428362057e-39,"9","XAGE3"
8.39726565388058e-40,1.2944945821057,0.668,0.278,1.5528223647156e-35,"9","KRT18"
1.48788846771217e-39,1.59246202473721,0.656,0.256,2.75140335449335e-35,"9","TREM2"
3.47122119605321e-39,3.13574117555531,0.391,0.065,6.4189822357416e-35,"9","FXYD3"
2.50674312869458e-37,1.3710649605366,0.636,0.249,4.63546939358202e-33,"9","KRT8"
9.63582573628153e-36,1.61325841182225,0.512,0.17,1.78185689515318e-31,"9","FKBP2"
1.01700634023273e-33,2.5727539127219,0.411,0.083,1.88064812435836e-29,"9","VGLL1"
1.48179744390034e-32,2.08418596248213,0.486,0.147,2.7401398332605e-28,"9","PEG10"
4.07740053357436e-30,2.27780815556308,0.376,0.103,7.53992906668571e-26,"9","SPINT1"
1.03000269965016e-29,2.56390877449449,0.379,0.087,1.90468099219308e-25,"9","SMAGP"
2.21740925471381e-29,2.73558390094078,0.353,0.056,4.10043319381678e-25,"9","DUSP9"
1.1731954982451e-28,0.677493103902445,0.801,0.513,2.16947311535483e-24,"9","S100A6"
2.08689357354836e-26,1.21622553617089,0.519,0.197,3.85908359620563e-22,"9","KRT7"
2.14895304196819e-26,1.51189560789524,0.501,0.188,3.97384396520757e-22,"9","CD5L"
2.58201983647575e-25,2.24292367516512,0.366,0.09,4.77467108161096e-21,"9","TINAGL1"
8.24716060447706e-25,2.31921442970061,0.337,0.091,1.5250649389799e-20,"9","ISYNA1"
1.55751363555669e-24,0.585282951965673,0.836,0.572,2.88015421487142e-20,"9","S100A4"
2.69025314494362e-24,1.88557387722938,0.373,0.102,4.97481611562974e-20,"9","PTP4A1"
2.86168167101386e-24,1.90379732980199,0.349,0.104,5.29182174603883e-20,"9","EFEMP1"
5.24085925981537e-23,0.693323578986024,0.78,0.511,9.69139694325058e-19,"9","FABP5"
7.10468277041261e-23,0.598082732010487,0.793,0.497,1.3137979379047e-18,"9","LGALS1"
1.8919567470198e-22,0.721216332922783,0.743,0.483,3.49860641658901e-18,"9","STMN1"
7.38157263810012e-22,1.66004895792137,0.362,0.121,1.36500041223747e-17,"9","CLIC3"
7.41982049444706e-22,1.82403000152839,0.322,0.087,1.37207320583315e-17,"9","CLDN4"
8.27883702584922e-21,1.85322886258088,0.325,0.086,1.53092254282004e-16,"9","PERP"
1.91912389242673e-19,1.35728184083471,0.444,0.203,3.5488439018755e-15,"9","GCSH"
6.42529937359813e-18,1.4343361417775,0.37,0.137,1.18816636016577e-13,"9","XAGE2"
2.27154845390399e-17,1.63558034041185,0.308,0.112,4.20054740095926e-13,"9","SLC2A1"
3.4867754919402e-17,1.06789764427503,0.478,0.243,6.44774523969582e-13,"9","CAPG"
2.79842390070645e-16,0.913213976527428,0.493,0.263,5.17484547718636e-12,"9","S100A10"
4.30855305536269e-15,1.32420879117933,0.394,0.164,7.96737630997669e-11,"9","CHCHD6"
2.34962075345806e-14,0.992523411744619,0.319,0.16,4.34491869729465e-10,"9","HMGB3"
1.77556207965728e-13,0.844847979199192,0.435,0.199,3.28336939770224e-09,"9","KRT19"
3.41450346317122e-13,0.509085479070713,0.812,0.592,6.31409980409622e-09,"9","IFI6"
5.87582748348933e-10,1.25094017615993,0.35,0.159,1.08655801824685e-05,"9","BIRC7"
1.72790839280679e-09,1.15263153699788,0.359,0.177,3.19524819997832e-05,"9","OTOA"
2.51847044083483e-09,0.81493978127481,0.329,0.174,4.65715553919176e-05,"9","FBLN1"
6.93838605869818e-09,0.545758525998437,0.575,0.359,0.000128304634997447,"9","LY6E"
4.52615382217524e-06,0.579681076260804,0.343,0.216,0.0836976364796645,"9","MARCO"
8.39277664408182e-06,0.506541375208204,0.694,0.481,0.155199225702361,"9","RGS2"
1.99370779925491e-05,0.719128226924052,0.353,0.183,0.368676446238217,"9","S100A1"
0.000414534804227047,0.583217126573106,0.314,0.198,1,"9","TIMD4"
0.000804096619175759,0.539097772716291,0.431,0.335,1,"9","MT2A"
7.0163304276588e-75,1.50689205362649,0.783,0.128,1.29745982268266e-70,"10","AOC1"
4.51252979880177e-71,1.45861357190897,0.911,0.313,8.34457010394423e-67,"10","DNAJB4"
1.6429080728237e-70,1.06685795584679,0.962,0.334,3.03806560826558e-66,"10","PRG2"
1.03509129483421e-63,2.84083944038602,0.619,0.091,1.91409082240742e-59,"10","SEMA4A"
4.99871618338131e-61,1.33916426372494,0.803,0.287,9.24362596630871e-57,"10","DNAJA4"
8.37927138144013e-57,0.977076183272787,0.846,0.261,1.54949486385591e-52,"10","SERPINE2"
7.42002498035901e-54,1.35029006572757,0.827,0.309,1.37211101936799e-49,"10","PMAIP1"
1.27573536832637e-50,0.534751532383292,0.988,0.503,2.35908984310912e-46,"10","FN1"
4.15528161315119e-48,0.899892738687516,0.71,0.206,7.68394675903918e-44,"10","FLT1"
1.65715219536903e-46,1.15552144733697,0.603,0.131,3.06440583967641e-42,"10","NOTUM"
2.01446940782912e-46,1.53429573480365,0.673,0.204,3.72515682895762e-42,"10","TNFSF9"
1.09198836319043e-44,1.08897916843356,0.85,0.389,2.01930488121174e-40,"10","IER5"
6.77989792650852e-44,1.73930089296684,0.567,0.14,1.25373872456996e-39,"10","DKK2"
2.98934893030645e-42,1.55275937616842,0.417,0.059,5.52790404192269e-38,"10","TAC3"
5.52998038116522e-42,0.670151007244413,0.982,0.579,1.02260397208507e-37,"10","HSPH1"
1.35746844118151e-41,1.32958269291246,0.524,0.096,2.51023064143285e-37,"10","PAPPA"
1.38086454165788e-41,1.30087471610935,0.498,0.086,2.55349471043376e-37,"10","PAPPA2"
1.59783911844126e-41,0.902876523588669,0.955,0.473,2.95472409782157e-37,"10","KLF4"
3.28903677551838e-41,1.42365654482674,0.699,0.219,6.08208680528858e-37,"10","EGR2"
5.10717241064911e-41,1.20748967579289,0.696,0.27,9.44418322177233e-37,"10","ZFAND2A"
6.18273246393023e-41,0.968617816155055,0.571,0.154,1.14331088722998e-36,"10","SERPINE1"
1.53026190910614e-40,0.994831530844014,0.834,0.408,2.82976032231908e-36,"10","HBEGF"
2.11999524695505e-40,0.569044311027347,0.671,0.225,3.92029521066927e-36,"10","CSH1"
3.77860563772629e-40,0.84069767759023,0.884,0.36,6.98739754528345e-36,"10","NR4A1"
5.35931079728748e-40,0.837951331317785,0.893,0.422,9.91043752634401e-36,"10","RASGEF1B"
8.59992443064774e-40,0.631906692705914,0.896,0.388,1.59029802571538e-35,"10","EEF1G"
2.91779974375727e-39,0.784123497145373,0.955,0.475,5.39559528615594e-35,"10","CD83"
5.65740382497031e-38,0.983559708022732,0.779,0.362,1.04616711531351e-33,"10","CDKN1A"
1.78495501844411e-37,0.782539136145947,0.954,0.467,3.30073882010686e-33,"10","NFKBIZ"
7.2347353194471e-37,0.878944984407291,0.904,0.483,1.33784725527216e-32,"10","EIF4A3"
7.51349199842086e-36,1.82890943406984,0.551,0.146,1.38939494034799e-31,"10","RGS16"
1.0198161700921e-35,0.929731425166985,0.919,0.429,1.88584406173431e-31,"10","NR4A2"
4.52967410855186e-35,1.13223271947018,0.717,0.26,8.3762733615341e-31,"10","C4BPB"
5.42142303669987e-35,1.70139494521885,0.522,0.174,1.00252954794654e-30,"10","KCNQ1OT1"
3.93532293414529e-34,2.23861658628728,0.399,0.065,7.27719916982147e-30,"10","AEBP1"
7.96913449364522e-34,1.11532310105568,0.772,0.288,1.47365235056487e-29,"10","KDM6B"
1.08060143445147e-33,0.844104822338455,0.772,0.323,1.99824817258765e-29,"10","BAG3"
6.23195440499377e-33,0.61323588721151,0.992,0.574,1.15241300857145e-28,"10","PPP1R15A"
5.1114550662922e-32,0.551748064263152,0.91,0.456,9.45210270858754e-28,"10","RNASEK"
9.26655330134381e-30,0.904401691222302,0.648,0.281,1.7135710364845e-25,"10","NAV3"
1.59113637707449e-29,0.543618999069251,0.879,0.448,2.94232938848615e-25,"10","GNG10"
2.01125129037184e-29,1.36646964043242,0.43,0.124,3.7192058861556e-25,"10","ANTXR1"
4.16327677182335e-28,1.20016315753034,0.455,0.104,7.69873140645573e-24,"10","HTRA1"
5.05865638169633e-28,1.15521554307639,0.494,0.183,9.35446738103286e-24,"10","TNF"
3.04047824034977e-26,1.35298709014599,0.426,0.138,5.62245236205479e-22,"10","TSPYL2"
4.62623707419194e-26,0.973086462988601,0.559,0.224,8.55483759759574e-22,"10","ADM"
6.92049531958884e-26,1.15320330526757,0.591,0.187,1.27973799449837e-21,"10","NR4A3"
8.64445284657534e-26,0.513668366804198,0.974,0.592,1.59853222038871e-21,"10","IER3"
9.26391397490738e-26,0.884721440015766,0.513,0.18,1.71308297223987e-21,"10","FSTL3"
1.39231708242322e-25,1.05443331103953,0.511,0.214,2.57467274881701e-21,"10","PALLD"
1.33963414995099e-24,0.699439274532202,0.868,0.47,2.47725147008937e-20,"10","CXCL8"
3.47005127688593e-24,1.25436177836408,0.482,0.151,6.41681882121746e-20,"10","EGR3"
3.86653327976375e-24,0.732251775668862,0.746,0.384,7.14999334093913e-20,"10","RGCC"
9.2763289806889e-24,0.781550920603555,0.727,0.395,1.71537875510899e-19,"10","OTUD1"
2.15281560249723e-23,0.776258563877989,0.632,0.272,3.98098661213789e-19,"10","NUPR1"
1.27954160565414e-22,1.05957216192561,0.649,0.228,2.36612833717563e-18,"10","DUSP2"
3.91103654843525e-22,0.527183535657135,0.796,0.494,7.23228878536647e-18,"10","LMNA"
6.83060399573051e-21,0.644573931672148,0.586,0.271,1.26311529089049e-16,"10","TNFSF10"
3.4384860670416e-20,0.636902228932768,0.846,0.476,6.35844843517333e-16,"10","RGS2"
5.01616172289495e-20,1.46191628862159,0.324,0.099,9.27588625797734e-16,"10","PLK2"
1.86279288137735e-18,1.06627733875786,0.36,0.126,3.444676596243e-14,"10","IGFBP2"
3.25828473730734e-18,0.527282919994315,0.664,0.347,6.02522013622873e-14,"10","CD209"
1.89133791818892e-16,1.05010065259593,0.309,0.08,3.49746207831495e-12,"10","HBB"
4.01133782607134e-15,0.983056467336539,0.432,0.184,7.41776590797113e-11,"10","IFIT2"
2.91667686658053e-14,0.875539416185811,0.547,0.276,5.39351886168071e-10,"10","ZNF331"
1.21348104301358e-12,0.505382149229234,0.56,0.29,2.24396914474072e-08,"10","NNMT"
7.84693911944252e-11,0.61767888244761,0.386,0.186,1.45105598196731e-06,"10","IL2RA"
1.14613452787323e-09,0.506188309060126,0.59,0.286,2.11943196894317e-05,"10","TNFAIP3"
8.62238723451431e-08,0.794888115554336,0.316,0.149,0.00159445184740639,"10","ID3"
1.11379109709128e-53,0.948657172642029,0.974,0.868,2.0596224967412e-49,"11","FOS"
2.43033456601523e-37,0.914605319911779,0.863,0.811,4.49417467947537e-33,"11","JUNB"
1.18637332402434e-30,0.956399429075359,0.831,0.787,2.1938415507858e-26,"11","DUSP1"
2.186730727528e-30,0.61595479129522,0.972,0.946,4.04370246134478e-26,"11","PLTP"
7.64612135362287e-28,0.510994569030221,0.981,0.954,1.41392076071194e-23,"11","C1QA"
1.18509941215023e-27,0.904380280238327,0.863,0.786,2.1914858329482e-23,"11","JUN"
1.52814661622953e-25,0.545922883214369,0.975,0.942,2.82584872273165e-21,"11","RNASE1"
6.33976077688902e-25,0.659249186640811,0.752,0.744,1.17234856286232e-20,"11","PFDN5"
2.31546650419715e-23,0.642821922393271,0.793,0.789,4.28176065956136e-19,"11","CD36"
4.37498630241894e-21,0.932944508684614,0.791,0.764,8.0902246704331e-17,"11","IER2"
1.29143067891076e-20,0.550223189425434,0.959,0.936,2.38811361144178e-16,"11","SPP1"
1.10668531121657e-19,0.504963645279004,0.941,0.924,2.04648247750168e-15,"11","C1QC"
3.53438297297343e-18,0.871819246701839,0.746,0.75,6.53578099362247e-14,"11","NFKBIA"
3.55152212930166e-18,1.56893152723699,0.473,0.313,6.56747472150463e-14,"11","PAGE4"
1.11962527653902e-17,0.906590112425471,0.71,0.712,2.07041106137596e-13,"11","GADD45B"
2.74085815007229e-17,0.751209233867856,0.736,0.783,5.06839489111368e-13,"11","HSPB1"
4.63123752637032e-17,0.507351609272642,0.988,0.961,8.56408443376399e-13,"11","F13A1"
4.99362445178233e-16,2.14077604365544,0.337,0.167,9.23421033623588e-12,"11","RETN"
1.38633493295538e-15,1.02475732338273,0.682,0.661,2.56361055802108e-11,"11","KLF2"
3.42732169382194e-15,0.518155310435136,0.885,0.919,6.33780327621553e-11,"11","HSP90AA1"
2.27126855007366e-12,0.738840342402631,0.712,0.752,4.20002980279622e-08,"11","ZFP36"
3.15776618822321e-08,0.863541163570074,0.614,0.636,0.000583934123526236,"11","EGR1"
1.89283843540934e-06,0.580131382422018,0.624,0.668,0.0350023683475894,"11","MS4A7"
3.41109494220719e-06,0.872251433301405,0.582,0.657,0.0630779676712954,"11","RHOB"
1.67078562081912e-05,0.962594594180716,0.462,0.49,0.308961677001872,"11","RGS2"
3.2562314891462e-05,0.798263730016741,0.451,0.485,0.602142326972916,"11","CXCL8"
7.19028704251735e-05,0.51813287535147,0.672,0.792,1,"11","KLF6"
0.000135799497173556,0.60403338071959,0.523,0.584,1,"11","S100A4"
0.00201008430164764,0.766173608655994,0.461,0.534,1,"11","TMIGD3"
0.00384145506729466,0.752610025448572,0.548,0.631,1,"11","DNAJB1"
0.00447955981439904,0.585270776979364,0.585,0.72,1,"11","PNRC1"
0.00473732169932775,0.602638956369586,0.564,0.633,1,"11","FOSB"
0.00638191938527503,0.52736206993012,0.432,0.524,1,"11","FABP5"
0.00693257948927481,0.918058053564498,0.304,0.315,1,"11","CGA"
0.00810651585806784,0.552104398440919,0.57,0.723,1,"11","CEBPD"
1.56373583198702e-136,2.72721832116258,0.969,0.184,2.89166030051039e-132,"12","KRT7"
1.7128808161024e-129,2.77537685049938,0.967,0.183,3.16745920513655e-125,"12","KRT19"
3.81466876151618e-123,2.46008369170876,0.986,0.24,7.05408547379571e-119,"12","KRT8"
4.88112108622359e-123,4.2689867473606,0.807,0.04,9.02616911264466e-119,"12","FHL2"
4.93156180121084e-123,4.53704429455352,0.791,0.031,9.11944408279908e-119,"12","PTGES"
6.49618511632677e-123,3.60626592395937,0.841,0.07,1.20127455171115e-118,"12","PERP"
1.89328197183476e-121,3.94438943359916,0.868,0.054,3.50105702231683e-117,"12","GATA3"
5.43796822964707e-121,3.3664979154357,0.877,0.083,1.00558908502634e-116,"12","MFAP5"
5.21889020740524e-120,4.36367334553263,0.797,0.036,9.65077177153377e-116,"12","PRSS8"
1.58444749684709e-118,3.11969405540927,0.851,0.093,2.92996031116965e-114,"12","FSTL1"
5.85834995399177e-118,2.94309893206411,0.852,0.11,1.08332607349216e-113,"12","CALD1"
3.93732259795257e-117,2.9797539570594,0.877,0.141,7.28089694813389e-113,"12","HMGB3"
7.01867551193584e-117,3.48512513922317,0.851,0.079,1.29789347566718e-112,"12","ISM2"
1.38473146525052e-115,2.24763297883134,0.977,0.269,2.56064542554126e-111,"12","KRT18"
2.8965954910963e-115,3.91812007221204,0.78,0.045,5.35638438213527e-111,"12","PTPRF"
3.57636627525355e-115,4.27894516576067,0.769,0.03,6.61341651619886e-111,"12","PTN"
3.01476943002769e-113,3.21881090748409,0.854,0.106,5.5749116300072e-109,"12","CLIC3"
5.66932881356014e-112,4.33180208325455,0.765,0.04,1.04837228420354e-107,"12","EFNA1"
1.06244507355572e-111,3.06158116484979,0.898,0.121,1.96467343001924e-107,"12","XAGE2"
6.05707931975774e-111,3.53703590890024,0.78,0.073,1.1200751078096e-106,"12","CLDN4"
9.6250622065746e-110,2.87426996759618,0.877,0.145,1.77986650323978e-105,"12","S100P"
2.23533861952606e-109,3.02750814076356,0.787,0.097,4.1335881752276e-105,"12","SLC2A1"
7.32847408865618e-109,4.40180871028466,0.721,0.028,1.3551814284743e-104,"12","TFAP2A"
8.16500968196661e-108,2.95787412117499,0.797,0.103,1.50987359038927e-103,"12","HPGD"
2.06418566926377e-106,3.87378650076628,0.73,0.054,3.81709213960255e-102,"12","C12orf75"
4.01553130639209e-103,2.97147175736116,0.786,0.133,7.42552049178026e-99,"12","COL4A2"
1.31982839976191e-101,4.16813584673424,0.728,0.052,2.44062667683972e-97,"12","PGF"
2.82333961218622e-100,3.39415731987242,0.763,0.072,5.22091961085477e-96,"12","VGLL1"
1.51172789267277e-99,2.31158981457675,0.904,0.201,2.79548721913048e-95,"12","FLT1"
7.97707929121998e-99,2.79038751992679,0.78,0.142,1.4751215025324e-94,"12","COL4A1"
1.56824954274487e-98,2.81830044959524,0.847,0.17,2.90000705444382e-94,"12","FSTL3"
1.51566152128073e-97,3.77877053576174,0.746,0.049,2.80276128515232e-93,"12","DSP"
9.53450668135218e-96,4.00950447774875,0.699,0.038,1.76312097551564e-91,"12","CHPF"
3.08924668403678e-95,4.23025319912199,0.684,0.036,5.71263496812082e-91,"12","FLNB"
3.22139520517572e-95,4.14907543234361,0.67,0.035,5.95700401341093e-91,"12","PLAC8"
1.9704927247298e-93,2.64933050536725,0.793,0.142,3.64383514657034e-89,"12","XAGE3"
7.4612290054104e-93,3.84825058209509,0.661,0.036,1.37973046768049e-88,"12","ITIH5"
6.99921300058184e-92,3.83401246485548,0.704,0.048,1.29429446806759e-87,"12","TUSC3"
1.57855557595817e-91,2.16065986610398,0.84,0.248,2.91906497106184e-87,"12","PHLDA2"
3.93717507702477e-91,4.56643244141146,0.647,0.02,7.2806241524342e-87,"12","GATA2"
9.40915754982352e-91,4.30121341735271,0.662,0.025,1.73994141411336e-86,"12","GJA5"
2.55172587184107e-90,4.1104769339259,0.614,0.03,4.71865148220851e-86,"12","ERVH48-1"
6.50001617537295e-90,4.97439566453652,0.64,0.017,1.20198299114997e-85,"12","PKP2"
1.83761109265161e-89,4.07129024417823,0.631,0.027,3.39811043253136e-85,"12","FOLR1"
1.98364710072148e-89,4.23781527456866,0.641,0.033,3.66816021865416e-85,"12","TINCR"
1.49418582044338e-88,2.59786021708482,0.712,0.106,2.7630484191639e-84,"12","BASP1"
9.61413006529701e-88,3.45278014500797,0.682,0.057,1.77784493167472e-83,"12","SOX4"
5.19178268860533e-87,2.53926709490966,0.786,0.159,9.60064454776897e-83,"12","FBLN1"
1.60496814407697e-86,4.47336533756492,0.606,0.019,2.96790709202713e-82,"12","DSG2"
8.46765886669712e-85,2.93163617819276,0.748,0.137,1.56583947762963e-80,"12","TFPI"
1.74831228967471e-84,4.24637985568643,0.662,0.033,3.23297908606647e-80,"12","CYP11A1"
3.1062727555646e-84,3.58559876691283,0.698,0.066,5.74411957959006e-80,"12","ADAM12"
3.36650176470568e-84,3.50327280623455,0.692,0.046,6.22533506329374e-80,"12","VGLL3"
8.7898361449165e-83,3.17519158971562,0.643,0.058,1.62541649991796e-78,"12","CAV1"
2.05835021227899e-82,4.47179065912654,0.587,0.02,3.80630121254631e-78,"12","GPX8"
9.72775724115093e-82,3.58485660155667,0.644,0.054,1.79885686903363e-77,"12","CD9"
6.00397828166091e-81,3.0142089828921,0.668,0.064,1.11025566384474e-76,"12","ADAMTS1"
4.38542674755951e-80,4.79133430210933,0.589,0.016,8.10953114158704e-76,"12","DSCR8"
6.88408743701293e-80,3.84778247477047,0.591,0.046,1.27300544885243e-75,"12","CCNE1"
1.03234420956982e-79,4.17724622399743,0.596,0.033,1.90901091233651e-75,"12","SDC4"
2.3679511246948e-79,4.88512182355753,0.569,0.015,4.37881521978562e-75,"12","DLX5"
1.24229042217288e-78,4.60243824107225,0.549,0.016,2.29724344868208e-74,"12","GCM1"
8.32115823931737e-78,3.41381147169082,0.627,0.05,1.53874858161457e-73,"12","ID1"
1.11228660392234e-77,3.20934197131501,0.591,0.063,2.05684038797318e-73,"12","HSPA2"
5.67415440756876e-77,2.45737551385783,0.783,0.229,1.04926463304761e-72,"12","QSOX1"
2.14480198919089e-76,1.96586626340644,0.877,0.334,3.96616783841179e-72,"12","CDKN1C"
2.44738864890514e-75,4.10600458166323,0.58,0.023,4.52571108955539e-71,"12","C1orf115"
1.40037189486079e-74,2.29180821723152,0.765,0.193,2.58956770797656e-70,"12","GCSH"
1.58848646275135e-74,4.44473178964143,0.54,0.023,2.93742916691979e-70,"12","DIO2"
1.71174472934783e-74,3.73350603266893,0.591,0.039,3.16535835351e-70,"12","SERINC2"
1.27524943326248e-73,3.26663770469166,0.63,0.08,2.35819125198898e-69,"12","HLA-G"
2.00999158960194e-73,2.4536849447113,0.772,0.179,3.7168764474919e-69,"12","EBI3"
2.31817207626806e-73,3.04578765923221,0.624,0.069,4.28676380343489e-69,"12","CD24"
7.36431472258203e-73,1.88182693868096,0.818,0.263,1.36180907849987e-68,"12","SPARC"
5.84238835698826e-72,1.93857478953091,0.796,0.216,1.08037445497427e-67,"12","ADM"
7.68845625264459e-72,4.40374684138051,0.565,0.024,1.42174933023904e-67,"12","HSD3B1"
1.11218726289876e-71,4.1399709401498,0.556,0.034,2.05665668655239e-67,"12","C1QTNF6"
4.50541688306424e-71,3.9327193431295,0.515,0.022,8.33141690016239e-67,"12","CAV2"
1.3498997117353e-70,5.10519021217181,0.535,0.01,2.49623454694093e-66,"12","CLDN19"
9.80219029532217e-70,1.69926468438824,0.847,0.253,1.81262102941098e-65,"12","S100A10"
4.23700687747832e-69,4.77746051782691,0.508,0.015,7.83507311783291e-65,"12","AIF1L"
4.50372098890526e-69,3.10123178310281,0.62,0.083,8.32828085268361e-65,"12","GDF15"
1.34643914376557e-68,3.78580393892376,0.506,0.028,2.48983526465129e-64,"12","CERCAM"
4.65416319582188e-68,4.2105296076872,0.487,0.016,8.60647858171382e-64,"12","KLF5"
5.28849680847014e-68,3.78247181921606,0.494,0.031,9.77948829822299e-64,"12","MME"
3.73895279129149e-67,4.70819141129472,0.532,0.016,6.91407150165622e-63,"12","BCAR4"
1.71118151412204e-66,2.52228367485963,0.699,0.129,3.16431685591447e-62,"12","NOTUM"
2.0967151073605e-66,2.77077270987831,0.601,0.084,3.87724557653104e-62,"12","TINAGL1"
2.17679006856892e-66,2.66946868293055,0.624,0.089,4.02532019479765e-62,"12","PLK2"
4.76639969871946e-66,1.41665853647681,0.894,0.366,8.81402632287203e-62,"12","LGALS3"
1.79718565285095e-64,3.17866197173051,0.579,0.06,3.32335570925198e-60,"12","FXYD3"
2.15700674479859e-64,4.67243895005819,0.504,0.019,3.98873687248155e-60,"12","MFAP2"
2.80058438645694e-64,2.54594783911585,0.641,0.098,5.17884064743618e-60,"12","HTRA1"
2.18551757088329e-63,3.37904004551754,0.54,0.037,4.04145909207739e-59,"12","CSRP2"
3.11057492496408e-63,4.75830108840874,0.498,0.011,5.75207515124358e-59,"12","KIF21A"
5.51943800912953e-63,3.82648304965058,0.519,0.023,1.02065447664823e-58,"12","PARVA"
3.22020341130297e-62,4.18126087034966,0.515,0.02,5.95480014818146e-58,"12","CAPN6"
3.23483012240449e-62,3.6601246548371,0.529,0.032,5.98184786235038e-58,"12","EGLN3"
4.72291506545447e-62,3.21867391240096,0.532,0.049,8.73361453903841e-58,"12","PKIB"
5.81271206846946e-62,1.78148138853061,0.752,0.241,1.07488671570137e-57,"12","IGFBP3"
6.19898243401386e-62,3.27354590337594,0.573,0.047,1.14631583169784e-57,"12","FERMT2"
2.49128550208896e-61,2.35338357532715,0.628,0.138,4.60688515046291e-57,"12","ID3"
4.79485442583421e-61,3.75375958145248,0.523,0.029,8.86664480425262e-57,"12","TEAD1"
6.81262601017468e-61,4.83829186887131,0.44,0.011,1.2597908018015e-56,"12","ARHGAP29"
2.03372582888494e-60,4.72268608448042,0.457,0.013,3.76076580277403e-56,"12","ELF3"
3.46629765293978e-59,2.84134552355356,0.611,0.085,6.40987761981624e-55,"12","COBLL1"
3.96617812176589e-59,2.9760983375203,0.518,0.066,7.33425658276949e-55,"12","GGH"
4.28938957832669e-59,3.01283198485975,0.557,0.064,7.93193920824171e-55,"12","FBN1"
1.59107965378219e-58,4.68333798945122,0.434,0.012,2.94222449577403e-54,"12","SYT8"
1.77183005251636e-58,4.41078942718244,0.445,0.017,3.27646813311326e-54,"12","LYPD3"
4.00360818691162e-58,3.1710286820382,0.555,0.057,7.40347225923696e-54,"12","SYNE2"
6.16202165823532e-58,2.13977411021209,0.675,0.16,1.13948104504087e-53,"12","CKS1B"
6.71242965591833e-58,3.7114833364431,0.468,0.036,1.24126249197242e-53,"12","HSPG2"
1.59272448861598e-57,3.34925309456738,0.491,0.036,2.94526612434866e-53,"12","ERVW-1"
3.81605121819302e-57,4.43276999914284,0.404,0.011,7.05664191268254e-53,"12","RHOD"
1.76229926079827e-55,4.87683289897697,0.42,0.018,3.25884379306816e-51,"12","HAPLN3"
2.93127299879821e-55,2.88034632176632,0.487,0.046,5.42051002937766e-51,"12","IL1R1"
7.62034354561114e-55,2.36738250415412,0.58,0.098,1.40915392845441e-50,"12","EFEMP1"
2.97724986135902e-54,1.60235482534789,0.787,0.264,5.50553044362509e-50,"12","SERPINE2"
1.30701915894563e-53,5.60794729845659,0.406,0.007,2.41693982872227e-49,"12","MYCNUT"
1.70581709100115e-53,3.7399637891747,0.409,0.021,3.15439696467933e-49,"12","CDH1"
4.78002389904754e-53,3.6514103503302,0.438,0.029,8.83922019411871e-49,"12","PLOD2"
1.60035005094621e-52,3.08155764981649,0.502,0.055,2.95936731420972e-48,"12","ANXA3"
1.0888648532156e-51,2.88073318954645,0.529,0.096,2.01352888656629e-47,"12","ASCL2"
1.37751766749281e-51,1.31573506311677,0.806,0.353,2.54730567072771e-47,"12","LY6E"
5.95216452816238e-51,2.82355304417166,0.479,0.072,1.10067426454779e-46,"12","CA2"
1.14378399935217e-50,3.71968454130639,0.464,0.021,2.11508537160202e-46,"12","PHLDB2"
1.21919455594066e-50,2.84266696573259,0.504,0.079,2.25453457284547e-46,"12","MT1E"
3.40781664863916e-49,3.27423166405983,0.426,0.039,6.30173454666353e-45,"12","LAIR2"
4.90490603957803e-49,3.06991134772778,0.42,0.04,9.0701522483877e-45,"12","PEG3"
1.2691445663505e-47,1.25427798448427,0.936,0.506,2.34690213209534e-43,"12","FN1"
2.52634604622875e-47,3.42149232382891,0.411,0.037,4.67171910868621e-43,"12","BGN"
6.38621089631555e-47,2.35658270652994,0.45,0.067,1.18093811894667e-42,"12","PDLIM1"
1.0470667829031e-46,3.90818092535716,0.461,0.038,1.93623589494442e-42,"12","HTRA4"
1.90674664583999e-46,4.23787914849933,0.394,0.016,3.52595589748732e-42,"12","GDPD3"
5.46091508731871e-46,2.93658286502547,0.433,0.051,1.00983241794698e-41,"12","KRT23"
1.05362049963096e-45,2.01510671951833,0.56,0.147,1.94835502791757e-41,"12","MT1X"
1.05488300944747e-45,2.04794159687538,0.609,0.153,1.95068966107026e-41,"12","SERPINE1"
2.90416938969111e-44,3.96142034487878,0.382,0.017,5.3703900354168e-40,"12","IL2RB"
5.85542242384056e-44,1.77337689206689,0.64,0.167,1.0827847146166e-39,"12","FKBP2"
6.81619368630357e-44,3.78500596491291,0.396,0.022,1.26045053647126e-39,"12","COL17A1"
1.02516202050286e-42,3.05050033071372,0.41,0.039,1.89572960831388e-38,"12","MORC4"
4.30622948228427e-42,3.16712479625016,0.421,0.042,7.96307955864008e-38,"12","LTBP1"
1.57322813664861e-41,1.46952812659727,0.668,0.237,2.9092134702906e-37,"12","CAPG"
2.18275539614388e-41,1.19145851732526,0.823,0.398,4.03635127854927e-37,"12","TIMP3"
3.30977014047391e-41,3.55269808479772,0.357,0.022,6.12042694376436e-37,"12","MXRA8"
1.09258610377969e-40,3.07565104504956,0.396,0.036,2.02041022310941e-36,"12","EFHD1"
4.75834932723156e-39,3.84045711626538,0.365,0.023,8.79913957591659e-35,"12","MCAM"
7.44442888411352e-39,4.95367044189662,0.304,0.009,1.37662378925027e-34,"12","RASGRF2"
2.7749535521732e-38,3.4820312676448,0.311,0.021,5.13144410867868e-34,"12","MMP11"
3.58851822039172e-38,4.80042316832509,0.313,0.007,6.63588789314838e-34,"12","KRT14"
2.49872934476729e-37,4.28596525009869,0.338,0.013,4.62065030434367e-33,"12","SFRP1"
4.26126448377318e-36,3.01173609808927,0.379,0.047,7.87993028339336e-32,"12","SOD3"
5.09747731437169e-36,2.84987306539725,0.33,0.042,9.42625504973613e-32,"12","SPON2"
5.23008445426458e-36,2.35607387774502,0.475,0.088,9.67147217282607e-32,"12","ISYNA1"
8.50009708027837e-36,1.92096469934139,0.489,0.105,1.57183795208508e-31,"12","MDK"
1.63204207482524e-35,3.07986879494389,0.301,0.027,3.01797220476684e-31,"12","MGST1"
1.83065921640166e-35,0.864617854102929,0.908,0.511,3.38525502296996e-31,"12","S100A6"
1.92728050159504e-35,2.68746581601966,0.311,0.027,3.56392710354955e-31,"12","TMEM45A"
2.52204342080654e-35,3.73478579570567,0.329,0.017,4.66376269375545e-31,"12","OSR2"
2.59031205562283e-35,2.30587411464957,0.46,0.102,4.79000505325774e-31,"12","SPINT1"
3.14097715482079e-35,3.07243655607086,0.335,0.031,5.80829495469461e-31,"12","CLU"
4.04192616368099e-35,2.45272118771777,0.373,0.063,7.47432986187889e-31,"12","C15orf48"
4.61323029567265e-35,3.95188662617718,0.326,0.016,8.53078546275785e-31,"12","PCSK6"
5.16135121577936e-35,2.34667557357541,0.335,0.047,9.5443706682192e-31,"12","CNN3"
5.85954058309708e-35,2.61199034030534,0.41,0.064,1.08354624462631e-30,"12","CCNB1"
8.07365663223684e-35,3.6963302109859,0.304,0.015,1.49298058443324e-30,"12","TMEM40"
9.5808103909221e-35,3.62190248767429,0.338,0.027,1.77168345748931e-30,"12","ADAM19"
3.08001062925795e-34,1.43972913882191,0.677,0.303,5.69555565562381e-30,"12","CGA"
3.6592296843152e-34,4.55512015054167,0.319,0.01,6.76664753223567e-30,"12","INHA"
1.02122975249479e-33,3.80407198900116,0.315,0.014,1.88845805831337e-29,"12","CST6"
1.80922737770351e-33,1.67463438235441,0.448,0.112,3.34562326684933e-29,"12","TGM2"
7.46652112868828e-33,2.78771377518645,0.352,0.036,1.38070908711704e-28,"12","CRISPLD2"
6.82002021071128e-32,1.69734176545324,0.447,0.15,1.26115813736473e-27,"12","PEG10"
5.64229986990491e-31,2.08433123015807,0.424,0.108,1.04337409194282e-26,"12","TFPI2"
1.22555892857025e-30,2.0353930105545,0.44,0.086,2.2663035707121e-26,"12","SMAGP"
4.62778017706517e-29,1.93903565053506,0.458,0.1,8.55769110342891e-25,"12","PTP4A1"
2.17556656122686e-28,2.52133286130132,0.406,0.09,4.02305768502072e-24,"12","PAPPA2"
2.5062250605463e-28,2.35930885219687,0.345,0.058,4.63451138196223e-24,"12","TK1"
2.91585303028437e-28,0.738563199951019,0.943,0.585,5.39199542360185e-24,"12","ANXA1"
3.67433920535021e-28,2.39795381398657,0.332,0.058,6.79458805853361e-24,"12","DUSP9"
4.76470320218356e-28,2.36980204685465,0.333,0.052,8.81088916147784e-24,"12","UBE2C"
1.29942308599169e-27,2.18409525966039,0.329,0.064,2.40289317061583e-23,"12","HSD17B1"
7.25598237278088e-27,0.818333940218556,0.635,0.329,1.34177626037464e-22,"12","MT2A"
2.83943601733081e-26,0.727486104957233,0.921,0.59,5.25068508324814e-22,"12","IFI6"
2.01607041411404e-24,1.66655632991527,0.333,0.069,3.72811740977968e-20,"12","GBP1"
6.22853753195104e-24,0.955866026603925,0.59,0.309,1.15178116040839e-19,"12","PAGE4"
6.44361129137456e-24,1.71466261536001,0.348,0.077,1.19155260000098e-19,"12","TPM2"
1.82302233116486e-23,1.38188589672837,0.305,0.07,3.37113289479007e-19,"12","MYL9"
3.11371613779541e-22,1.38081962679121,0.589,0.272,5.75788388201127e-18,"12","TNFSF10"
6.32859556740518e-22,1.08055369268743,0.311,0.092,1.17028389232457e-17,"12","PTGDS"
1.15047305025049e-21,0.970398553927193,0.409,0.152,2.1274547645232e-17,"12","RGS16"
2.58825863422771e-21,1.01197762303086,0.53,0.214,4.78620786641388e-17,"12","PALLD"
2.80769865646354e-21,0.512854678188692,0.852,0.493,5.19199635553237e-17,"12","LMNA"
2.49491566367184e-19,0.667489095049736,0.699,0.344,4.61359804526196e-15,"12","AHNAK"
6.53110011118736e-19,1.77659217072342,0.393,0.143,1.20773103256077e-14,"12","AOC1"
1.1551989617323e-18,1.8961944430538,0.352,0.072,2.13619392003536e-14,"12","NFE2L3"
3.15189200902673e-18,1.64653484320557,0.302,0.078,5.82847870309224e-14,"12","PTTG1"
4.05926179299378e-17,1.00214680490664,0.437,0.178,7.5063869076041e-13,"12","KCNQ1OT1"
4.41758079749676e-17,1.13102989834788,0.526,0.231,8.168990410731e-13,"12","CSH1"
4.57979418378111e-16,0.684972883214633,0.685,0.417,8.46895540464802e-12,"12","LDHB"
7.08587559089425e-14,1.89058585917208,0.326,0.103,1.31032011426816e-09,"12","PAPPA"
5.94176234468607e-11,0.833835924376617,0.313,0.121,1.09875069277935e-06,"12","RND3"
1.17479645576282e-08,0.910309560721601,0.495,0.351,0.000217243360599661,"12","PRG2"
1.43330390107317e-08,0.505514961392915,0.479,0.23,0.000265046557386451,"12","APOC1"
1.34371625727194e-124,1.55796248732636,0.995,0.783,2.48480010294727e-120,"13","JUN"
3.40311760289763e-122,1.86422583497208,0.988,0.621,6.2930450712783e-118,"13","FOSB"
1.00146368253923e-119,1.80842504867586,0.974,0.619,1.85190664175155e-115,"13","DNAJB1"
1.40486163834442e-119,1.30065640105708,0.995,0.916,2.59787014162651e-115,"13","HSP90AA1"
1.53346865782745e-119,1.58178498227023,0.983,0.759,2.83569024205453e-115,"13","IER2"
4.60918540336456e-119,2.07480448873483,0.962,0.578,8.52330564790174e-115,"13","PPP1R15A"
4.14367839333225e-117,1.54238196487142,0.995,0.736,7.66249008495e-113,"13","HSPA1A"
2.5296057610079e-116,1.65408364973351,0.967,0.744,4.67774697325581e-112,"13","NFKBIA"
8.48001344081595e-115,1.94657293270346,0.962,0.583,1.56812408547569e-110,"13","HSPH1"
2.03194651309468e-107,1.66721293155328,0.976,0.626,3.75747549201468e-103,"13","EGR1"
5.02874229270043e-107,1.22347825126119,0.993,0.868,9.29915024766163e-103,"13","FOS"
1.68916666576859e-105,2.05371037436056,0.925,0.48,3.12360699833927e-101,"13","CD83"
7.52747285502902e-105,2.34097293573636,0.901,0.364,1.39198028035197e-100,"13","NR4A1"
1.41625744995784e-104,1.50719910753314,0.974,0.744,2.61894327646204e-100,"13","ZFP36"
6.63942353222993e-104,1.80048223209061,0.932,0.657,1.22776219957996e-99,"13","HSPD1"
2.01587160320704e-102,2.0864455561293,0.932,0.471,3.72774976865046e-98,"13","NFKBIZ"
1.56484359960563e-99,1.3933850166365,0.958,0.756,2.89370878439074e-95,"13","NEAT1"
8.12575699922704e-99,1.64663697865448,0.965,0.604,1.50261498429706e-94,"13","HSPA1B"
1.33917387916978e-95,1.32830140816468,0.962,0.784,2.47640033736076e-91,"13","DUSP1"
7.62901734044655e-95,1.67112700318317,0.941,0.654,1.41075788659538e-90,"13","KLF2"
1.33163715798296e-94,1.28772331226526,0.967,0.809,2.46246343254209e-90,"13","JUNB"
3.24230696737779e-94,1.32944561111722,0.962,0.783,5.99567404407501e-90,"13","KLF6"
1.28787403166121e-89,2.57819830880721,0.819,0.32,2.38153665934791e-85,"13","DNAJB4"
6.17605120811743e-88,1.57783755579753,0.929,0.637,1.14207538940508e-83,"13","BTG2"
4.69245896286634e-87,1.69822575436863,0.918,0.597,8.67729511413243e-83,"13","IER3"
1.16735455157821e-85,2.78343664379612,0.788,0.291,2.15867203677842e-81,"13","DNAJA4"
1.18069707754692e-85,1.47663671641638,0.934,0.705,2.18334503579977e-81,"13","GADD45B"
1.3124519183982e-84,1.16427337146918,0.953,0.826,2.42698608750195e-80,"13","HSPA8"
5.9108903220687e-82,1.74081416884589,0.892,0.567,1.09304183835694e-77,"13","CCL4"
1.43951767511251e-81,3.16025436896926,0.753,0.201,2.66195608481806e-77,"13","CXCL2"
3.60455608084476e-81,2.44820022980253,0.797,0.326,6.66554510469813e-77,"13","BAG3"
9.8186700704298e-81,1.93301852356443,0.873,0.559,1.81566846942388e-76,"13","ICAM1"
1.45138124524631e-75,1.54633555921996,0.884,0.648,2.68389419870948e-71,"13","RHOB"
5.43842697516401e-75,1.40601465813727,0.927,0.699,1.00567391624733e-70,"13","JUND"
2.77720924155576e-69,3.00844169854686,0.684,0.208,5.13561532948491e-65,"13","TNFSF9"
3.33103499257983e-68,2.00472490735283,0.818,0.391,6.15974990827862e-64,"13","ATF3"
8.78049399978748e-67,1.34432495867058,0.887,0.779,1.6236889504407e-62,"13","HSPB1"
8.95355604773786e-66,1.76017359051494,0.839,0.48,1.65569158434769e-61,"13","KLF4"
9.60661459237578e-66,2.73547846609371,0.696,0.23,1.77645517042213e-61,"13","DUSP2"
1.33864128352223e-65,1.31208432843629,0.905,0.696,2.47541546148931e-61,"13","MCL1"
6.05152973486563e-65,0.6262102862379,1,0.996,1.11904887857135e-60,"13","FTL"
2.51448862866241e-64,1.20776128527944,0.915,0.71,4.64979237212253e-60,"13","PNRC1"
9.26962252816948e-64,2.7303724160914,0.696,0.273,1.7141385979091e-59,"13","ZFAND2A"
1.87172729965166e-62,1.3022942407039,0.906,0.67,3.46119812251585e-58,"13","SOD2"
4.82090864754134e-57,3.43985969026974,0.602,0.126,8.91482427103344e-53,"13","CXCL3"
1.04502063248527e-55,0.561166128276565,0.99,0.962,1.93245215359177e-51,"13","F13A1"
3.15351697658382e-52,1.75849953522442,0.793,0.428,5.8314835930988e-48,"13","RASGEF1B"
1.03810769443226e-51,0.658918021827934,0.939,0.947,1.91966874854413e-47,"13","PLTP"
1.76789812042887e-49,0.72341609543378,0.938,0.937,3.26919720429707e-45,"13","SPP1"
2.7122189589131e-49,1.59913979188503,0.755,0.477,5.01543529882211e-45,"13","CXCL8"
5.76923478431568e-48,1.30810554461244,0.799,0.634,1.06684689631566e-43,"13","CCL3"
3.41492214654187e-44,2.00552549960885,0.7,0.397,6.31487403338522e-40,"13","IER5"
6.27912131618457e-43,1.21175208098409,0.812,0.702,1.16113511378885e-38,"13","HMOX1"
1.5401174907606e-40,1.94921227039284,0.628,0.288,2.84798526391451e-36,"13","TNFAIP3"
2.7586374970767e-39,2.60694119298922,0.531,0.184,5.10127245959424e-35,"13","TNF"
2.85741143920983e-38,1.48267311451805,0.705,0.438,5.28392523338682e-34,"13","NR4A2"
1.56827763129874e-37,1.64708760320091,0.689,0.365,2.90005899579763e-33,"13","CCL4L2"
6.94008234589639e-35,0.613959657692959,0.913,0.825,1.28336002740316e-30,"13","HLA-B"
1.61227848992295e-34,1.04232722782324,0.828,0.741,2.98142538356553e-30,"13","HSPA5"
1.68963521615419e-33,1.72414661868893,0.595,0.297,3.12447344171232e-29,"13","KDM6B"
4.89976604336671e-33,0.707876834266472,0.894,0.796,9.06064736739372e-29,"13","STAB1"
8.01589918544471e-31,0.947496689244065,0.806,0.715,1.48230007737244e-26,"13","CEBPD"
6.71057876842538e-26,3.30091954711467,0.335,0.087,1.24092022585722e-21,"13","CXCL1"
1.27239562466966e-24,2.59782770772207,0.417,0.144,2.35291398913913e-20,"13","CCL5"
9.13037562809145e-22,0.792620954376721,0.797,0.759,1.68838906114667e-17,"13","MAFB"
1.95510019981777e-21,1.52185016191422,0.538,0.321,3.61537128950302e-17,"13","PMAIP1"
3.55072867292707e-21,1.74858577619283,0.455,0.23,6.56600746197674e-17,"13","EGR2"
7.89750062316832e-19,2.01571025000098,0.387,0.156,1.46040581523629e-14,"13","EGR3"
3.77837475178735e-18,1.40205479202138,0.589,0.502,6.98697059100518e-14,"13","LMNA"
7.31001223000279e-18,1.08996552197062,0.67,0.595,1.35176746157211e-13,"13","ANXA1"
1.4269993256242e-17,0.543828024472594,0.816,0.789,2.63880715294427e-13,"13","CD36"
1.46156829111745e-17,1.28501655076352,0.535,0.403,2.7027320839344e-13,"13","OTUD1"
4.96500563384271e-17,2.2840723375501,0.333,0.143,9.18128841810194e-13,"13","TSPYL2"
1.4145151256821e-16,1.12179093581129,0.701,0.574,2.61572137041135e-12,"13","NAMPT"
1.29333034691082e-13,1.55798083925625,0.321,0.156,2.39162647750749e-09,"13","PEG10"
1.50987662358158e-13,1.58328161550812,0.373,0.197,2.79206385232706e-09,"13","NR4A3"
1.55767754637779e-13,1.31845114649601,0.476,0.373,2.88045731876181e-09,"13","CDKN1A"
3.3365283106982e-13,1.1447197499211,0.431,0.271,6.16990815214311e-09,"13","C4BPB"
3.99327006325799e-12,1.63412262333404,0.328,0.157,7.38435500097668e-08,"13","IL1B"
6.58817549008741e-12,0.871179988942653,0.457,0.315,1.21828541162696e-07,"13","PAGE4"
2.25242642906052e-11,1.22251368003895,0.507,0.351,4.16518695261871e-07,"13","AHNAK"
7.83691054562269e-11,0.962941278527318,0.613,0.534,1.44920149809655e-06,"13","CCL2"
4.28922708917956e-10,0.542477319626015,0.771,0.664,7.93163873331084e-06,"13","MS4A7"
4.49813581162578e-09,0.600555360183386,0.628,0.515,8.31795274285839e-05,"13","TMEM176A"
7.37189927318172e-08,1.12995059109667,0.465,0.394,0.00136321161359676,"13","RGCC"
1.5239109014591e-07,0.736410361452534,0.635,0.631,0.00281801603897816,"13","CITED2"
2.04383839170065e-06,0.668857386823059,0.562,0.526,0.0377946595393285,"13","PDK4"
3.80285812140141e-05,0.825880743277635,0.363,0.265,0.703224523809549,"13","PHLDA2"
0.00103976942055117,0.696267736176751,0.481,0.51,1,"13","PLIN2"
0.00455762887571048,0.61485382016611,0.488,0.489,1,"13","RGS2"
3.42810604655334e-90,3.66221846554924,0.729,0.153,6.33925370128644e-86,"14","IGFBP1"
3.89346819691054e-87,3.14815241854728,0.776,0.272,7.19980138972697e-83,"14","DCN"
6.08064522333959e-83,2.34183022223296,0.834,0.402,1.12443291469996e-78,"14","TIMP3"
6.58320409859304e-76,3.22552425158636,0.714,0.225,1.21736610191182e-71,"14","LUM"
4.49672086027649e-74,0.970461014151328,0.996,0.982,8.31533621482329e-70,"14","TMSB4X"
1.20509834053958e-61,0.877919958321034,0.998,0.996,2.22846785132579e-57,"14","FTL"
2.21745000705849e-57,0.813375440879741,0.998,0.985,4.10050855305255e-53,"14","FTH1"
1.26712725638968e-43,1.84484339677081,0.706,0.52,2.3431717225158e-39,"14","S100A6"
3.80829849904249e-43,0.797629530795811,0.915,0.932,7.04230558442938e-39,"14","C1QB"
1.04450392897593e-42,0.762178104808307,0.917,0.956,1.93149666546228e-38,"14","C1QA"
1.90949344803719e-41,4.29560743185602,0.393,0.054,3.53103528411038e-37,"14","DKK1"
4.2986190574144e-41,0.69427743813734,0.923,0.963,7.94900636097071e-37,"14","F13A1"
1.89829460512194e-40,0.734915712074015,0.905,0.944,3.51032638379149e-36,"14","RNASE1"
1.81133042719611e-37,1.7457284542902,0.718,0.517,3.34951222597104e-33,"14","VIM"
4.06629860708743e-37,3.93670223896104,0.371,0.069,7.51939938422608e-33,"14","IGFBP7"
8.68788596203775e-36,3.81663118913613,0.356,0.071,1.60656387210002e-31,"14","RBP1"
6.8255471871969e-26,2.42899467151627,0.505,0.252,1.26218018585645e-21,"14","IGFBP3"
1.17244176631858e-24,0.625165821877402,0.863,0.949,2.16807931427632e-20,"14","PLTP"
3.22511697797775e-24,1.37436067597961,0.634,0.506,5.96388631567646e-20,"14","LGALS1"
2.25487143659417e-23,1.53394145632688,0.567,0.351,4.16970826054995e-19,"14","PRG2"
5.61913967856781e-20,0.60830119161929,0.857,0.926,1.03909130936076e-15,"14","C1QC"
3.77992115998956e-16,0.605558352196481,0.834,0.939,6.98983020905269e-12,"14","SPP1"
1.16064345008073e-15,1.68785391171384,0.499,0.381,2.14626186788928e-11,"14","LGALS3"
2.81811188790322e-14,0.790615482795707,0.652,0.728,5.21125250311063e-10,"14","TXNIP"
8.96021555634855e-14,2.62983144444955,0.3,0.13,1.65692306067997e-09,"14","IGFBP2"
1.58662356566387e-13,1.3276652963085,0.501,0.404,2.93398429762562e-09,"14","EEF1G"
2.69894972346869e-13,0.691592877713274,0.675,0.746,4.9908978286383e-09,"14","PFDN5"
1.54395053730937e-11,0.772182817424344,0.644,0.667,2.85507333359248e-07,"14","MS4A7"
1.02618293626065e-10,1.26628835387598,0.484,0.463,1.8976174857332e-06,"14","GNG10"
1.07080128940378e-10,0.918449953591559,0.648,0.682,1.98012574436548e-06,"14","CD74"
1.28159985935067e-07,0.928957976489524,0.547,0.583,0.00236993445991126,"14","S100A4"
2.58957344248903e-07,1.44726846547515,0.493,0.452,0.00478863920985071,"14","TIMP1"
1.239982391808e-06,0.820361553637052,0.501,0.539,0.0229297543893135,"14","ATP6V0C"
3.35149303051567e-06,0.816321885280995,0.534,0.625,0.0619758091202957,"14","GABARAP"
3.39787762188103e-05,0.806607886303326,0.538,0.617,0.62833552983824,"14","CFD"
0.000127562247975484,1.06090829278254,0.377,0.329,1,"14","HLA-DRA"
0.000240363544117852,0.829962955536462,0.505,0.52,1,"14","FN1"
0.000312618329268547,1.17105080246416,0.381,0.397,1,"14","RGCC"
0.000420349046804512,0.501660353557883,0.631,0.787,1,"14","HLA-A"
0.000600240804391704,0.503170230766218,0.553,0.642,1,"14","TMEM176B"
0.000674963519309188,1.08131233665903,0.398,0.333,1,"14","IFI27"
0.000917485397741688,0.937089275438139,0.449,0.472,1,"14","RNASEK"
0.00137166682870887,1.2585050471188,0.308,0.299,1,"14","NNMT"
0.00240348365196398,0.977837517798442,0.391,0.431,1,"14","NME2"
0.00510091474929135,0.749322354339599,0.236,0.358,1,"14","AHNAK"
3.4367262519002e-67,1.99224414906223,0.782,0.209,6.35519418501385e-63,"15","XIST"
3.42852752761995e-20,1.76912267271152,0.356,0.107,6.34003310407481e-16,"15","PTP4A1"
2.20630789497665e-16,1.4967616974903,0.43,0.145,4.07990455939081e-12,"15","AGR2"
7.61855077332024e-16,0.990181800096202,0.479,0.233,1.40882240900238e-11,"15","APOC1"
1.43576853581776e-15,0.855534458993097,0.458,0.231,2.6550231764342e-11,"15","LUM"
4.45602199160898e-15,0.692468735455195,0.67,0.39,8.24007586688332e-11,"15","APOE"
5.32795521266302e-14,1.24207249245758,0.441,0.177,9.85245477925645e-10,"15","FKBP2"
5.2970431575618e-11,0.600110347837872,0.376,0.183,9.79529220696328e-07,"15","HLA-DPA1"
4.48884157708021e-10,0.900286382781675,0.378,0.199,8.30076584433672e-06,"15","TIMD4"
7.92461254330309e-08,1.15224692749747,0.337,0.162,0.00146541935150761,"15","BIRC7"
1.76736610480434e-07,0.810962925466717,0.484,0.267,0.00326821340100419,"15","TREM2"
3.08647647756625e-06,0.973226585905311,0.313,0.17,0.057075123023155,"15","CHCHD6"
3.84173828935144e-06,0.815636927947141,0.378,0.196,0.0710414244466868,"15","CD5L"
0.00393123197032188,0.737851591480282,0.339,0.219,1,"15","MARCO"
8.13560754444497e-78,2.06154100239748,0.877,0.186,1.50443654711876e-73,"16","CD5L"
3.58432798414644e-77,2.21400276442,0.772,0.16,6.6281393082836e-73,"16","CHCHD6"
3.33620916471801e-73,1.72934634959748,0.949,0.257,6.16931798739654e-69,"16","TREM2"
1.62543621282881e-67,2.08641453049164,0.721,0.154,3.00575664476304e-63,"16","BIRC7"
4.82329501641793e-52,1.03512904042892,0.96,0.401,8.91923714436004e-48,"16","GPNMB"
9.87188947228644e-52,1.60802614480243,0.69,0.179,1.82550980121521e-47,"16","S100A1"
1.58232564272463e-44,1.17251049409551,0.743,0.21,2.92603657852638e-40,"16","XIST"
1.3200724985824e-43,1.24533642217289,0.732,0.228,2.44107806437857e-39,"16","APOC1"
1.01937432169444e-42,1.34681786645816,0.719,0.242,1.88502699567736e-38,"16","CAPG"
8.65580203227751e-40,1.5716403535823,0.596,0.175,1.60063091180876e-35,"16","OTOA"
8.24555961130385e-37,0.850247022885526,0.917,0.415,1.52476888332231e-32,"16","LDHB"
1.98992357532142e-36,2.05964764186826,0.54,0.103,3.67976667548438e-32,"16","PTP4A1"
1.26090624852809e-33,0.918886080223584,0.714,0.276,2.33166783477815e-29,"16","NUPR1"
3.62289290396227e-31,1.47762772899761,0.618,0.173,6.69945355800703e-27,"16","FKBP2"
4.67559433543054e-25,0.60123726429434,0.821,0.374,8.64610904507815e-21,"16","LGALS3"
7.63473884748782e-25,0.545677192754814,0.844,0.386,1.41181590767745e-20,"16","APOE"
4.07685618075295e-23,1.85157315495813,0.346,0.077,7.53892244944835e-19,"16","RAMP1"
9.64777837499965e-21,0.915231644305751,0.536,0.214,1.78406717710494e-16,"16","MARCO"
2.28543209693325e-19,0.585294378063514,0.98,0.511,4.22622103364896e-15,"16","FABP5"
5.04121035126305e-13,0.560953661613227,0.542,0.255,9.32220618155564e-09,"16","CCL13"
3.00444857878627e-12,0.671022739338836,0.324,0.154,5.55582631189158e-08,"16","TFPI"
7.52589884494263e-12,0.800827413151181,0.375,0.15,1.39168921440679e-07,"16","DKK2"
1.63123058817915e-10,0.53786436489607,0.402,0.208,3.01647160366088e-06,"16","GCSH"
1.5077069380567e-85,2.2787977723769,0.928,0.514,2.78805166985445e-81,"17","FN1"
2.57065322184845e-81,2.67655366747939,0.869,0.348,4.75365193784216e-77,"17","PRG2"
9.16890241527866e-65,2.30706042053456,0.812,0.406,1.69551343463333e-60,"17","TIMP3"
1.3356724027009e-62,2.88162766906666,0.753,0.274,2.46992540707451e-58,"17","SERPINE2"
4.99614945995329e-59,3.52829956157058,0.631,0.14,9.23887958134562e-55,"17","NOTUM"
1.36195949897356e-57,3.07076065762111,0.703,0.217,2.5185355055019e-53,"17","FLT1"
4.60303205652857e-51,3.22643756287211,0.584,0.145,8.51192687893263e-47,"17","AOC1"
8.25725536386491e-49,2.76766857019995,0.644,0.234,1.5269316618859e-44,"17","CSH1"
1.71019870163982e-45,2.6938486544509,0.662,0.287,3.16249943907235e-41,"17","KRT18"
4.24534357098386e-44,2.97814884118035,0.588,0.203,7.85048933146335e-40,"17","KRT19"
1.71203278979375e-39,3.41954721218281,0.5,0.12,3.1658910348866e-35,"17","HPGD"
2.92449185057881e-38,3.33177287620349,0.478,0.105,5.40797033009034e-34,"17","PAPPA"
4.65869026796738e-37,2.57741345662288,0.637,0.347,8.61485004352528e-33,"17","CDKN1C"
1.83229114908063e-35,2.91843862698386,0.55,0.204,3.3882727928799e-31,"17","KRT7"
9.49100930623603e-35,3.40331796551461,0.431,0.095,1.75507744090917e-30,"17","PAPPA2"
1.38152387431121e-34,2.64981385606834,0.594,0.259,2.55471394837629e-30,"17","KRT8"
2.19474103041834e-31,3.24216848712459,0.425,0.111,4.05851511344959e-27,"17","HTRA1"
7.06289303697225e-29,3.33983112908945,0.388,0.105,1.30607018039691e-24,"17","MFAP5"
7.19048452774544e-29,2.79147425682868,0.469,0.164,1.32966439887069e-24,"17","SERPINE1"
1.45130096378177e-26,3.50897908142684,0.353,0.067,2.68374574222525e-22,"17","TAC3"
6.50044691838813e-26,0.539939974381427,0.963,0.985,1.20206264414833e-21,"17","FTH1"
2.94536055814593e-24,3.46381654580885,0.347,0.094,5.44656074412346e-20,"17","HLA-G"
3.78567379454621e-21,2.86120023746563,0.434,0.188,7.00046798087485e-17,"17","FSTL3"
4.01189303822408e-21,3.21216158025336,0.344,0.1,7.41879260628397e-17,"17","ISM2"
1.86187939455942e-19,2.72652949976356,0.4,0.177,3.44298737641928e-15,"17","FBLN1"
1.33146088825846e-17,1.68775924369587,0.541,0.404,2.46213747456754e-13,"17","EEF1G"
6.64309704031383e-16,2.8260911555891,0.381,0.166,1.22844150469483e-11,"17","S100P"
3.05031918562886e-15,2.6104911204333,0.312,0.144,5.64065023806489e-11,"17","XAGE2"
4.27369862714554e-15,0.875180653923215,0.688,0.745,7.90292350131754e-11,"17","PFDN5"
2.5095863632308e-14,2.8615356568447,0.306,0.115,4.6407271028864e-10,"17","FSTL1"
9.2418620390566e-12,2.37828556077535,0.434,0.265,1.70900512826235e-07,"17","PHLDA2"
6.34184124546033e-11,2.25999535638815,0.406,0.28,1.17273328311052e-06,"17","SPARC"
5.66993278313231e-10,2.32147840751585,0.344,0.196,1.04848397025683e-05,"17","EBI3"
1.04739782425445e-08,2.01646333801954,0.369,0.281,0.000193684805661133,"17","TNFSF10"
1.19148007469733e-07,2.2909617723943,0.353,0.246,0.00220328495413029,"17","QSOX1"
1.74377063556228e-05,0.565567729382746,0.166,0.342,0.322458065928176,"17","MT2A"
6.79813885578592e-05,1.5943337231651,0.4,0.383,1,"17","LGALS3"
7.20204449728218e-05,1.17093741958837,0.444,0.464,1,"17","GNG10"
0.000157971819956098,1.32860943416452,0.425,0.43,1,"17","NME2"
0.00527462153509053,1.0105909861668,0.419,0.472,1,"17","RNASEK"
0.00906854352383999,0.794470236533832,0.456,0.539,1,"17","ATP6V0C"
1.93894972705497e-59,3.7732647890643,0.621,0.07,3.58550583527006e-55,"18","COL6A2"
1.73055399530005e-55,3.80715115901275,0.579,0.059,3.20014044810885e-51,"18","EGFL6"
1.13927023290482e-47,3.68005385289177,0.629,0.09,2.1067385146876e-43,"18","MEG3"
9.77512352729945e-44,3.23210984313663,0.536,0.053,1.80761584266821e-39,"18","CNN3"
2.04683716723615e-43,3.69664699736009,0.4,0.023,3.7850112896531e-39,"18","FBLN2"
3.00044422283888e-43,3.33572294309591,0.529,0.064,5.54842145687366e-39,"18","MGP"
3.28095446828004e-43,4.30122987389714,0.479,0.021,6.06714100274345e-39,"18","HSD17B2"
4.2989067372228e-42,3.58149886452919,0.45,0.035,7.94953833847241e-38,"18","COL5A1"
3.95870869667199e-41,4.95168098658915,0.407,0.014,7.32044412188584e-37,"18","PITX2"
1.68993600903736e-40,3.51888943459307,0.464,0.043,3.12502966791188e-36,"18","GJA1"
1.74190793721765e-40,5.08478266871401,0.364,0.013,3.22113615750288e-36,"18","FRZB"
3.46885487015759e-40,1.8893287625495,0.807,0.278,6.41460642589542e-36,"18","SPARC"
6.00786881431108e-40,4.05516771402691,0.393,0.019,1.11097510114241e-35,"18","ENPP1"
2.70285378502717e-39,4.99702721195183,0.393,0.014,4.99811721927224e-35,"18","WNT2"
4.52618119205354e-39,5.22601989499096,0.414,0.018,8.36981426034541e-35,"18","HAPLN1"
1.54941179649125e-38,3.66117928672464,0.414,0.036,2.86517229407161e-34,"18","TCF21"
3.80840861420967e-38,2.48952024068148,0.657,0.131,7.04250920939652e-34,"18","CALD1"
1.0984638085517e-37,4.82510853660697,0.371,0.011,2.0312792747738e-33,"18","FXYD1"
1.64363189250313e-37,2.98178979886046,0.536,0.088,3.03940409561679e-33,"18","CXCL14"
2.13164096140407e-37,2.74879263194719,0.671,0.197,3.9418304658284e-33,"18","DLK1"
2.16640726506484e-37,4.61115242389133,0.379,0.018,4.00612031455791e-33,"18","SRPX"
1.24603160262024e-36,4.19945258677114,0.443,0.029,2.30416163956534e-32,"18","PLAC9"
8.75996984029271e-36,4.32634291317633,0.321,0.015,1.61989362286693e-31,"18","LMCD1"
1.12183204072038e-35,4.46619389627525,0.407,0.022,2.07449180970012e-31,"18","CTHRC1"
1.20641274297289e-35,3.12154689118679,0.471,0.059,2.23089844430547e-31,"18","VCAN"
2.98889360492708e-34,2.74247776181069,0.4,0.05,5.52706205423115e-30,"18","PEG3"
4.18524585376171e-34,3.55503912331864,0.364,0.032,7.73935663277615e-30,"18","MFAP4"
8.61848872244933e-33,2.23037870859874,0.6,0.152,1.59373093455533e-28,"18","COL4A2"
1.17903327582631e-32,3.39591930075588,0.393,0.036,2.18026833365801e-28,"18","CCND2"
1.47089620215416e-32,4.71417771205717,0.343,0.012,2.71998125702348e-28,"18","TMEM98"
5.97494727052474e-32,3.70398354206197,0.357,0.021,1.10488724926543e-27,"18","FKBP10"
1.09881857161546e-31,2.67712509105033,0.557,0.119,2.03193530263131e-27,"18","COL1A1"
5.85375101323835e-31,3.64561667254346,0.336,0.015,1.08247563736804e-26,"18","MAP1B"
1.9021636409506e-30,5.18526073558152,0.321,0.01,3.51748100484585e-26,"18","VTN"
6.18862122784732e-30,4.08515040834494,0.386,0.025,1.14439983745353e-25,"18","RARRES2"
1.66438782179589e-29,3.46074480136224,0.343,0.03,3.07778596006497e-25,"18","F3"
3.33219484529259e-29,4.33470466516167,0.314,0.016,6.16189470791505e-25,"18","DES"
1.7977521629994e-28,2.81378310656268,0.386,0.052,3.32440329981849e-24,"18","CSRP2"
3.97465519169075e-28,2.66373538881095,0.471,0.075,7.34993238047453e-24,"18","MYL9"
1.77753754966287e-27,4.21260706014661,0.314,0.015,3.28702243683657e-23,"18","FBLN5"
2.41328241817175e-27,2.79779114058064,0.386,0.051,4.46264184768319e-23,"18","OLFML3"
2.82227931726989e-27,2.60297022351545,0.35,0.04,5.21895891349547e-23,"18","PLOD2"
7.56669812883767e-27,3.03210201859,0.329,0.042,1.39923381798466e-22,"18","THBS1"
3.65147808693412e-26,1.98943133711919,0.579,0.16,6.75231327835858e-22,"18","COL4A1"
5.65184878155858e-26,2.49448699501867,0.407,0.076,1.04513987668581e-21,"18","CAV1"
1.5341122044699e-24,2.47280785500114,0.479,0.083,2.83688028850573e-20,"18","TPM2"
1.56569016355192e-24,2.47539048858786,0.314,0.031,2.89527425044022e-20,"18","CD248"
9.23419437230123e-24,2.29958098984739,0.307,0.045,1.70758722332594e-19,"18","CRISPLD2"
1.0700993572195e-23,2.85385162621529,0.307,0.033,1.9788277313703e-19,"18","MFAP2"
1.53527416654233e-23,2.82651309599096,0.414,0.079,2.83902898877007e-19,"18","ACTA2"
1.73060279128244e-23,1.96821667338469,0.393,0.075,3.20023068163949e-19,"18","RBP1"
2.3708170470249e-23,1.35858535029752,0.7,0.28,4.38411488335845e-19,"18","DCN"
1.33889699140511e-22,2.09988379343985,0.4,0.075,2.47588831650633e-18,"18","AEBP1"
3.27804553456252e-22,1.5125052063035,0.636,0.255,6.06176180251301e-18,"18","IGFBP3"
3.58462632302596e-22,2.74668477814837,0.321,0.037,6.6286909965396e-18,"18","GPX8"
5.22177891303391e-22,1.90571812994021,0.307,0.053,9.6561135659823e-18,"18","LTBP1"
8.19927848434058e-22,2.34369564293719,0.486,0.115,1.51621057732426e-17,"18","MDK"
1.65064966063992e-21,1.77954225342,0.35,0.058,3.05238135245535e-17,"18","IL1R1"
4.43425515292036e-21,2.12425228325484,0.421,0.087,8.19982462878033e-17,"18","TAGLN"
6.85345896423013e-21,2.08664902497813,0.35,0.065,1.26734163166544e-16,"18","CRYAB"
1.22793036979326e-19,1.9615568145117,0.343,0.068,2.2706888398217e-15,"18","ID1"
1.46104206246803e-19,1.42280332858547,0.486,0.155,2.70175898191587e-15,"18","TFPI"
1.47742370704355e-19,2.02293442044042,0.3,0.042,2.73205191906493e-15,"18","CERCAM"
2.26890771620867e-19,1.23964553781041,0.464,0.116,4.19566414881308e-15,"18","FSTL1"
2.95535653238081e-19,2.17418755731576,0.386,0.062,5.4650452996786e-15,"18","APOD"
3.29501298745733e-19,1.81924666171205,0.357,0.078,6.0931380164061e-15,"18","PDLIM1"
3.943739439197e-19,1.59120278018668,0.429,0.125,7.29276297096309e-15,"18","RND3"
1.12112492269042e-18,1.78941818508818,0.386,0.082,2.07318420703913e-14,"18","ADAMTS1"
1.67784754536129e-18,2.29702438826003,0.35,0.062,3.1026756808821e-14,"18","FERMT2"
1.01703522015967e-17,1.19667055486194,0.629,0.27,1.88070152911926e-13,"18","S100A10"
1.43324811052593e-17,2.24887931289917,0.314,0.056,2.65036240598455e-13,"18","SOD3"
1.78472312989756e-16,2.17568572800609,0.379,0.097,3.30031001180656e-12,"18","PTGDS"
5.32198193715127e-16,1.37232386524489,0.414,0.124,9.84140899818013e-12,"18","BASP1"
6.22399002083341e-16,1.97412452695846,0.357,0.098,1.15094023465251e-11,"18","IGFBP5"
3.63571842119587e-15,1.31364040111742,0.529,0.234,6.72317050447539e-11,"18","LUM"
7.59177298652018e-15,0.677171183538117,0.857,0.519,1.40387066066731e-10,"18","VIM"
7.78114010505961e-15,2.2325228492946,0.35,0.079,1.43888842822762e-10,"18","HSPA2"
1.61436722556259e-14,1.34300525965831,0.379,0.121,2.98528787351034e-10,"18","TGM2"
3.7845474874096e-14,1.92071744390113,0.343,0.068,6.99838521371783e-10,"18","IFITM1"
4.0242531114629e-14,1.63563549895772,0.321,0.068,7.44164885371719e-10,"18","TUSC3"
4.98716842498173e-14,1.55092735856021,0.514,0.184,9.22227185147622e-10,"18","KCNQ1OT1"
5.0645066141575e-14,1.70592706129806,0.329,0.092,9.36528563090005e-10,"18","MT1E"
6.12766659731579e-14,1.05706947361803,0.457,0.178,1.13312810717564e-09,"18","FBLN1"
3.27346784274502e-13,1.08084201328851,0.3,0.1,6.05329673480409e-09,"18","DST"
1.04313325951652e-12,1.08913515391619,0.314,0.078,1.92896202349795e-08,"18","FBN1"
1.6110261338678e-12,1.26196998831825,0.343,0.1,2.97910952674833e-08,"18","TINAGL1"
1.07937652732339e-11,1.02474554425646,0.314,0.086,1.99598307432642e-07,"18","ADAM12"
1.74150397083418e-11,0.803410384062009,0.579,0.279,3.22038914286656e-07,"18","SERPINE2"
8.9201736755242e-11,1.20340886764093,0.336,0.117,1.64951851607794e-06,"18","TFPI2"
5.86683890469356e-10,1.21639610688495,0.307,0.099,1.08489585025593e-05,"18","ISYNA1"
7.27649132524084e-10,1.35730348583765,0.35,0.119,1.34556877586354e-05,"18","SLC2A1"
1.09822622071304e-09,1.48472623947849,0.421,0.153,2.03083992734255e-05,"18","ID3"
1.5322148598896e-09,1.1513135245821,0.471,0.181,2.83337171890784e-05,"18","FKBP2"
2.74915573400256e-09,0.718251489511869,0.679,0.451,5.08373878331754e-05,"18","TIMP1"
5.58382312266529e-09,0.754588265572511,0.543,0.338,0.000103256057184327,"18","MT2A"
2.4739241491823e-08,0.542057664020839,0.6,0.35,0.000457478053666791,"18","CDKN1C"
1.72574806028867e-07,0.644445988082887,0.321,0.13,0.00319125331308581,"18","CLIC3"
2.26316565862953e-07,1.13977597331818,0.307,0.111,0.00418504593593772,"18","HES1"
1.84669311956053e-06,0.753002566289641,0.414,0.223,0.0341490491669132,"18","PALLD"
0.000135617004558475,0.509387073978801,0.4,0.211,1,"18","GCSH"
0.000519768434246418,0.826945925646536,0.386,0.176,1,"18","CKS1B"
5.63931450730284e-61,3.93193063704264,0.778,0.065,1.04282203869044e-56,"19","KISS1"
4.77332026264992e-59,4.13813963334824,0.667,0.043,8.82682382969223e-55,"19","PSG2"
2.90717270117989e-55,3.54526032921805,0.867,0.115,5.37594375902185e-51,"19","TFPI2"
6.49445386503487e-51,4.51598576225344,0.611,0.033,1.20095440872225e-46,"19","PSG3"
3.37282507983349e-50,4.33340052218336,0.589,0.041,6.23702813762808e-46,"19","CYP19A1"
1.64474719073399e-41,2.38359839725716,0.956,0.312,3.04146650510529e-37,"19","CGA"
1.18336673572188e-40,4.78123317981107,0.433,0.02,2.18828176769691e-36,"19","PSG1"
9.82919897977536e-39,3.50772494192636,0.611,0.068,1.81761547534006e-34,"19","CSH2"
4.44536418741081e-38,4.7024481234523,0.544,0.028,8.22036745536006e-34,"19","PSG5"
2.17181681080455e-37,5.72537852889989,0.4,0.011,4.01612364653977e-33,"19","PSG6"
7.00640777309749e-32,2.47086343260641,0.756,0.167,1.29562492540119e-27,"19","S100P"
2.02046648201297e-28,4.6798375265217,0.344,0.018,3.73624661853839e-24,"19","SDC1"
3.99793808907783e-26,2.51865726116482,0.533,0.085,7.39298711432272e-22,"19","ADAM12"
9.5407368327946e-26,2.7711125138563,0.478,0.066,1.76427305512038e-21,"19","VGLL3"
1.01617616850951e-25,3.53402864896398,0.389,0.04,1.87911297080778e-21,"19","HSD3B1"
1.1460216312323e-25,2.04294993881688,0.522,0.121,2.11922320047476e-21,"19","TGM2"
1.55946184166509e-23,2.41204206253237,0.711,0.238,2.88375683760708e-19,"19","CSH1"
5.13978191771208e-22,3.16154360697202,0.433,0.071,9.50448472223318e-18,"19","HSD17B1"
5.67514809495556e-22,3.80381463552703,0.3,0.023,1.04944838571918e-17,"19","INHBA"
6.04166923255262e-22,2.29801654793825,0.578,0.155,1.11722547448363e-17,"19","TFPI"
6.80711533435186e-21,2.15296736258985,0.633,0.236,1.25877176762835e-16,"19","MAGI1"
1.88175005670218e-20,2.07629851694915,0.456,0.112,3.47973220485368e-16,"19","EFEMP1"
2.59532655803283e-20,2.01525972462725,0.644,0.226,4.79927787111431e-16,"19","FHIT"
1.00172288745171e-19,2.12338395348155,0.544,0.17,1.8523859634757e-15,"19","RAD51B"
2.36944364003146e-19,2.70025492173433,0.411,0.094,4.38157517914617e-15,"19","SOX5"
2.47753917755754e-17,1.59994096732321,0.578,0.178,4.5814654471394e-13,"19","FBLN1"
1.53404604262052e-16,3.38783028768781,0.344,0.053,2.83675794201386e-12,"19","CYP11A1"
2.32769636678255e-16,1.55670560914332,0.689,0.32,4.30437612145428e-12,"19","DENND1A"
2.48981266555948e-16,1.35912672460424,0.756,0.398,4.60416158115259e-12,"19","ZFAND3"
7.02110052103653e-16,2.23223523346011,0.478,0.129,1.29834190835007e-11,"19","CLIC3"
7.3603148751537e-16,1.66653211363131,0.7,0.41,1.36106942671342e-11,"19","FGF13"
1.25847917123645e-15,2.86337112267385,0.356,0.069,2.32717968345045e-11,"19","TUSC3"
2.01867705758763e-15,1.633706726195,0.678,0.306,3.73293761489104e-11,"19","SYT1"
2.46447571360395e-15,1.64376800624279,0.656,0.312,4.55730848959642e-11,"19","PSD3"
6.97599261222552e-15,2.22703991326895,0.411,0.112,1.29000055385274e-10,"19","NPAS3"
3.04965001432201e-14,2.45239428499816,0.411,0.1,5.63941280648425e-10,"19","GDF15"
3.08011140080712e-14,1.34692787003487,0.733,0.444,5.69574200237252e-10,"19","RABGAP1L"
3.32676977882283e-14,1.92441549626945,0.633,0.293,6.15186267499917e-10,"19","NAV2"
1.36799280892663e-13,1.40021663691651,0.711,0.404,2.52969230226713e-09,"19","MAML2"
2.1207538830048e-13,2.19050839016292,0.389,0.101,3.92169808045247e-09,"19","COBLL1"
3.33356626122006e-13,1.47843167850066,0.622,0.314,6.16443073024814e-09,"19","DOCK4"
3.73637767072864e-13,1.13472144929506,0.733,0.45,6.90930958871139e-09,"19","ZSWIM6"
4.24693423169175e-13,2.63594560105558,0.333,0.073,7.85343078124439e-09,"19","PGF"
8.32358942956867e-13,1.55319649502017,0.644,0.312,1.53919815731584e-08,"19","PRKCA"
8.94895844436439e-13,3.28173500506297,0.311,0.052,1.65484139553186e-08,"19","TINCR"
1.27183567973364e-12,2.60419905425356,0.356,0.098,2.35187853896346e-08,"19","PDE4D"
2.46774517684218e-12,1.70349485422824,0.389,0.109,4.56335438101656e-08,"19","PAPPA"
2.66685021110333e-12,1.30901770849602,0.689,0.405,4.93153941037228e-08,"19","ATP8B4"
3.03171431762375e-12,2.47825712929915,0.3,0.064,5.60624611614983e-08,"19","PKIB"
3.58872041625184e-12,2.13861385748486,0.333,0.1,6.63626179373289e-08,"19","AUTS2"
8.03047636579604e-12,0.819919454402432,0.511,0.223,1.484995689563e-07,"19","FLT1"
1.02881426534038e-11,1.59040910770909,0.4,0.125,1.90248333946743e-07,"19","HPGD"
1.07094627796244e-11,1.19563779427913,0.744,0.617,1.98039385720814e-07,"19","SLC9A9"
2.88773965982365e-11,1.69389648768147,0.478,0.203,5.3400081789459e-07,"19","NCKAP5"
6.82523459312458e-11,1.04853168282472,0.722,0.552,1.2621223809606e-06,"19","FCHSD2"
1.1342029041625e-10,1.55126629266382,0.356,0.108,2.09736801037729e-06,"19","MFAP5"
1.21319228576426e-10,1.22112571577514,0.689,0.475,2.24343517483527e-06,"19","TCF12"
1.933045267254e-10,1.39079967154792,0.511,0.22,3.5745873082061e-06,"19","XIST"
3.05331325325179e-10,1.72031017518059,0.467,0.209,5.64618686791321e-06,"19","ATRNL1"
6.91006088387996e-10,0.968916345849776,0.722,0.499,1.27780845864708e-05,"19","WDFY3"
8.99851029412293e-10,1.51326669172221,0.478,0.196,1.66400452358921e-05,"19","RNF150"
1.30193384348505e-09,0.957978202725278,0.644,0.444,2.40753606337255e-05,"19","ARHGAP26"
3.82402805991241e-09,1.61806997919799,0.567,0.33,7.07139268839002e-05,"19","HDAC9"
4.54400405966306e-09,0.688013882127527,0.822,0.523,8.40277230712892e-05,"19","S100A6"
5.87001429954708e-09,1.93773927277811,0.356,0.135,0.000108548304427225,"19","UNC5C"
7.04992347231679e-09,1.24100627117813,0.511,0.239,0.000130367184850082,"19","DPYD"
7.05642215419825e-09,1.7232558619543,0.356,0.125,0.000130487358475434,"19","BASP1"
7.81181610196516e-09,1.04636726721917,0.667,0.437,0.00014445610335754,"19","CD163L1"
1.18470009292842e-08,0.827792897088774,0.433,0.167,0.000219074741184323,"19","SERPINE1"
1.48591284915464e-08,1.83929032453226,0.433,0.145,0.000274775004065675,"19","XAGE2"
2.34558049852221e-08,1.06693450052186,0.322,0.099,0.000433744745786727,"19","PAPPA2"
2.8807144616172e-08,1.20005407923436,0.6,0.342,0.000532701718242253,"19","SLC8A1"
3.01945466312412e-08,1.23219037983156,0.356,0.115,0.000558357556304913,"19","HTRA1"
4.25294611451118e-08,1.47698038835002,0.322,0.131,0.000786454795495407,"19","SIPA1L1"
5.10427434952504e-08,1.74344204029888,0.3,0.097,0.000943882412714171,"19","FBXL7"
1.45175583810706e-07,1.07252955462116,0.544,0.32,0.00268458689582758,"19","DISP1"
1.57443761760527e-07,0.63489385437336,0.822,0.835,0.00291145004247567,"19","RBPJ"
2.18130168575053e-07,1.83728916297639,0.311,0.113,0.00403366307728987,"19","SPINT1"
2.33179288776477e-07,0.972085793762944,0.567,0.292,0.00431195140805462,"19","KRT18"
2.61542104350443e-07,0.926790742995521,0.344,0.117,0.00483643659364839,"19","FSTL1"
3.31747965427985e-07,0.508733690493492,0.567,0.28,0.00613468337669429,"19","SERPINE2"
3.4986348722916e-07,1.40843323803015,0.389,0.162,0.00646967560584163,"19","XAGE3"
3.80371730556875e-07,0.722481566075337,0.733,0.654,0.00703383404145774,"19","ITPR2"
3.83643894076381e-07,1.79543827819671,0.4,0.165,0.00709434288926044,"19","HMGB3"
4.57487101546577e-06,0.575749077337729,0.444,0.235,0.084598514817993,"19","LUM"
5.16819790221831e-06,1.59387829019623,0.311,0.119,0.0955703156078209,"19","SLC2A1"
5.50242055847572e-06,0.767416918625494,0.689,0.574,0.101750760967333,"19","SPRED1"
9.06031936393941e-06,1.57596296881745,0.478,0.293,0.167543425677968,"19","NAV3"
9.96928612666512e-06,1.19824654091717,0.422,0.208,0.184352039054291,"19","KRT19"
2.37136258159667e-05,1.31253254440538,0.411,0.198,0.438512368588856,"19","EBI3"
3.25329939215108e-05,0.796072556922126,0.511,0.355,0.601600123596578,"19","PRG2"
3.3812113772751e-05,0.971091287353033,0.378,0.162,0.625253607885711,"19","COL4A1"
4.31317948257971e-05,0.702066685876434,0.478,0.267,0.79759314991864,"19","PHLDA2"
5.76160163234383e-05,0.75899437730904,0.356,0.159,1,"19","PEG10"
6.29335938390588e-05,0.543150944588243,0.356,0.209,1,"19","KRT7"
9.45315030750775e-05,1.03515207002728,0.5,0.263,1,"19","KRT8"
0.000253441290932658,1.16589651865842,0.311,0.134,1,"19","CALD1"
0.000277971394953192,0.533248303124177,0.789,0.596,1,"19","ANXA1"
0.000748754682699152,0.660722902968482,0.511,0.355,1,"19","PDE4B"
0.00180168509804787,0.985615592416735,0.333,0.186,1,"19","KCNQ1OT1"
0.00209680413517372,0.985444037932002,0.333,0.198,1,"19","DHFR"
0.00230614348576321,0.754859315915889,0.311,0.154,1,"19","COL4A2"
0.00660327822509841,0.56359938242148,0.644,0.509,1,"19","PLIN2"
5.41048707874298e-42,3.38911491738515,0.959,0.208,1.00050727060115e-37,"20","ATRNL1"
1.06495240148917e-41,2.61790723834699,0.98,0.219,1.96930998083377e-37,"20","XIST"
1.14826424719809e-41,3.17007998942711,0.98,0.226,2.12337024591871e-37,"20","FHIT"
3.38928622486158e-40,3.59652933138642,0.735,0.112,6.26746808701403e-36,"20","NPAS3"
5.3203634240429e-36,2.76361396616295,0.98,0.312,9.83841604374013e-32,"20","PSD3"
7.22259329482326e-36,3.01633820750498,0.939,0.236,1.33560195207872e-31,"20","MAGI1"
8.0574584419217e-35,2.89674949415663,0.959,0.293,1.48998521508016e-30,"20","NAV2"
7.63327480180229e-34,2.55580802466649,0.959,0.32,1.41154517634928e-29,"20","DENND1A"
1.52568034466016e-33,2.38869192713733,1,0.404,2.82128809334556e-29,"20","ATP8B4"
3.19442868533213e-33,3.56577655117095,0.755,0.134,5.90713752491617e-29,"20","UNC5C"
1.04955780337325e-32,2.90147466279783,0.959,0.33,1.94084228999781e-28,"20","HDAC9"
9.13793709444369e-32,3.19678686955132,0.816,0.17,1.68978732750453e-27,"20","RAD51B"
1.07534991202983e-31,2.58243230191974,0.98,0.41,1.98853705732556e-27,"20","FGF13"
3.30453594528588e-31,2.74313235932461,0.918,0.292,6.11074787002264e-27,"20","NAV3"
9.30489094197642e-31,2.30697075055088,0.98,0.444,1.72066043299028e-26,"20","RABGAP1L"
1.37110650405186e-30,2.11675353703045,1,0.616,2.5354501472927e-26,"20","SLC9A9"
1.59561638146168e-30,2.2075912199272,0.98,0.475,2.95061381259895e-26,"20","TCF12"
1.78455156215641e-30,2.59504954383593,0.653,0.069,3.29999274873964e-26,"20","CSH2"
2.99702449569728e-29,2.00595366140326,1,0.499,5.54209769744342e-25,"20","WDFY3"
1.02997698506315e-28,3.49763171991826,0.612,0.097,1.90463344077877e-24,"20","FBXL7"
1.57865846234545e-28,1.9581876912911,1,0.552,2.91925522856921e-24,"20","FCHSD2"
2.95176444301551e-28,2.47235088140245,0.918,0.306,5.45840280802427e-24,"20","SYT1"
3.5060178585734e-28,1.69132984187305,1,0.653,6.48332822407393e-24,"20","ITPR2"
7.68540385399424e-28,1.56823700551321,1,0.834,1.42118488068062e-23,"20","RBPJ"
1.53551466801907e-27,3.48527559318049,0.612,0.097,2.83947372410087e-23,"20","PDE4D"
2.00893475397442e-27,2.02352820474463,0.959,0.398,3.7149221470495e-23,"20","ZFAND3"
2.71727149314943e-27,2.00688427941968,1,0.444,5.02477844513192e-23,"20","ARHGAP26"
2.75539869967072e-27,2.14616744959029,0.959,0.45,5.0952832754311e-23,"20","ZSWIM6"
7.04034435429405e-26,2.24478718214708,0.939,0.314,1.30190047799606e-21,"20","DOCK4"
7.95920852881806e-26,2.47986286950721,0.857,0.312,1.47181684114904e-21,"20","PRKCA"
1.86925962029644e-25,2.24775378360258,0.959,0.404,3.45663488985217e-21,"20","MAML2"
1.03859737611633e-24,2.21502601696068,0.816,0.239,1.92057426791432e-20,"20","CSH1"
2.93530318733589e-21,2.55922111344387,0.612,0.117,5.42796265402153e-17,"20","TFPI2"
4.10609876669059e-21,3.02734513143529,0.551,0.105,7.59299783936423e-17,"20","AFF3"
1.25235368303062e-20,1.61984848525812,0.939,0.573,2.31585243066022e-16,"20","SPRED1"
1.99293618514866e-19,2.62908376246586,0.653,0.182,3.68533759357691e-15,"20","TMEM163"
1.72215195751463e-18,0.744285120429836,1,0.962,3.18460339983606e-14,"20","F13A1"
2.09369161759301e-18,3.111088727668,0.429,0.079,3.87165453925299e-14,"20","CCDC85A"
4.92069931245827e-18,2.60752816533045,0.469,0.067,9.09935716859783e-14,"20","KISS1"
5.414717082287e-18,2.55057071308064,0.653,0.196,1.00128948285651e-13,"20","RNF150"
8.00862803490786e-18,2.19433966768623,0.714,0.239,1.48095549621516e-13,"20","DPYD"
4.1876901919009e-17,1.53936189011601,0.898,0.355,7.74387670286314e-13,"20","PRG2"
5.62998608816977e-17,1.58142764718605,0.51,0.11,1.04109702742435e-12,"20","PAPPA"
5.02903709988021e-16,1.04323294553807,0.959,0.789,9.29969540509848e-12,"20","CD36"
8.32263634816233e-16,2.09436279438531,0.776,0.32,1.53902191350218e-11,"20","DISP1"
3.60467707590787e-15,1.91275353747309,0.755,0.342,6.66576884876884e-11,"20","SLC8A1"
7.6278533746901e-14,3.15033964831033,0.449,0.095,1.41054264604769e-09,"20","SOX5"
1.05611776967583e-13,1.50326586423434,0.837,0.437,1.95297297968454e-09,"20","CD163L1"
1.17246366606761e-13,0.821014236668983,1,0.761,2.16811981129222e-09,"20","NEAT1"
1.60526466353314e-12,2.81644105049297,0.429,0.1,2.96845541580548e-08,"20","AUTS2"
4.34404421774805e-12,2.82267848254182,0.347,0.068,8.03300656745969e-08,"20","GRIA4"
1.97403488064304e-10,0.956439256196072,0.878,0.519,3.65038530128512e-06,"20","FN1"
1.70540996182174e-07,1.79149311881849,0.449,0.204,0.00315364410140075,"20","NCKAP5"
3.81186088687504e-07,1.51373888046028,0.327,0.09,0.00704889315200932,"20","TTN"
5.85481864485367e-07,1.66125996082325,0.347,0.086,0.0108267306380634,"20","ADAM12"
7.33496347429367e-07,1.18743676744251,0.633,0.355,0.0135638144566639,"20","PDE4B"
3.78053567835808e-06,0.732670164167818,0.776,0.547,0.0699096657641976,"20","CR1"
5.4921790823592e-05,1.85567450450383,0.347,0.154,1,"20","DKK2"
9.11375988759021e-05,0.825782116162838,0.49,0.275,1,"20","C4BPB"
0.0002654633167461,0.572758840697025,0.367,0.165,1,"20","IGFBP1"
0.000449816505829846,0.517308260261892,0.408,0.224,1,"20","FLT1"
0.00168762596420044,0.778917527293377,0.49,0.315,1,"20","CGA"
0.00399755613384757,0.607795438758512,0.388,0.227,1,"20","SLC16A10"
